prediction,reference
"CHIEF COMPLAINT

Emergency room follow-up.

HISTORY OF PRESENT ILLNESS

Diane is a 28-year-old female with a past medical history significant for depression and hypertension who presents for emergency room follow-up.

The patient states that she was walking outside yesterday when she felt lightheaded and started to fall. She was caught by her boyfriend and they went to the emergency room. The patient states that her blood pressure was elevated at 190 mmHg. She has been experiencing episodes of high blood pressure once a week to once a month. She states that she is not taking her blood pressure when she is traveling. She does have a blood pressure cuff at home. She is taking lisinopril.

The patient states that she has been doing well with her depression. She has been seeing a therapist once a week and has been doing well. She has a strong support system with her boyfriend, her mom, and her brother.

REVIEW OF SYSTEMS

• Cardiovascular: Endorses high blood pressure.
• Respiratory: Endorses nasal congestion.
• Neurological: Endorses headache and lightheadedness.

PHYSICAL EXAMINATION

• Neck: No carotid bruits.
• Respiratory: Clear to auscultation bilaterally.
• Cardiovascular: Slight 2/6 systolic ejection murmur.
• Musculoskeletal: Trace pitting edema to the lower extremities bilaterally.

RESULTS

ECG: Same as last year.
Echocardiogram: Stable mitral valve prolapse.

ASSESSMENT AND PLAN

1. Hypertension.
• Medical Reasoning: The patient's blood pressure is not well controlled.
• Patient Education and Counseling: I explained to the patient that her blood pressure is not well controlled. I advised her to continue to check her blood pressures and report them to me through the patient portal and we will have to make adjustments if necessary and maybe have to add a second agent.
• Medical Treatment: Increase lisinopril to 40 mg once a day.

2. Depression.
• Medical Reasoning: The patient is doing well with her depression.
• Patient Education and Counseling: I advised the patient that she can contact me if she needs anything.
• Medical Treatment: No medication changes at this time.

Patient Agreements: The patient understands and agrees with the recommended medical treatment plan.","CHIEF COMPLAINT

Emergency room follow-up.

HISTORY OF PRESENT ILLNESS

Ms. Diane Baker is a 28-year-old female with a past medical history significant for depression, and hypertension, who presents for emergency room follow-up.

The patient went for a walk yesterday and began to feel lightheaded. She started to fall, however she was with her boyfriend, who caught her. She presented to the emergency room after this. While in the emergency room, her blood pressure was nearly 200 and she had a headache.

Her blood pressure is typically normal, however will become elevated approximately one week a month. She notes it is typically elevated because she is traveling a lot that week for work. While traveling, she is not eating as well and does not monitor her blood pressure. The patient is taking her lisinopril as prescribed.

Regarding her depression, she states she is doing well. Last year she started therapy and she has been going once a week, which has helped. Her support system is great and includes her boyfriend, mom, and brother.

The patient notes she has a little bit of nasal congestion, which she attributes to her seasonal allergies. She denies chest pain and shortness of breath.

REVIEW OF SYSTEMS

• Ears, Nose, Mouth and Throat: Endorses nasal congestion from seasonal allergies.
• Cardiovascular: Denies chest pain or dyspnea.
• Respiratory: Denies shortness of breath.
• Neurological: Endorses lightheadedness and a headache.
• Psychiatric: Endorses depression.

PHYSICAL EXAMINATION

• Neck: No carotid bruits appreciable.
• Respiratory: Lungs are clear to auscultation bilaterally. No wheezes, rales, or rhonchi.
• Cardiovascular: Slight 2/6 systolic ejection murmur.
• Musculoskeletal: Trace pitting edema in the bilateral lower extremities.

VITALS REVIEWED

• Blood Pressure: Elevated.

RESULTS

Electrocardiogram stable in comparison to last year.

Echocardiogram demonstrates decreased ejection fraction. Stable heart murmur.

ASSESSMENT

Ms. Diane Baker is a 28-year-old female with a past medical history significant for depression, and hypertension, who presents for emergency room follow-up.

PLAN

Hypertension.
• Medical Reasoning: This is not controlled at this time. The patient presented to the emergency department yesterday with an elevated blood pressure, presyncope, and headache. She has been compliant with lisinopril, but her blood pressures have been spiking once a month based on home monitoring; however, she admits to not taking her blood pressures while traveling recently. A recent EKG revealed changes from her chronic high blood pressure.
• Medical Treatment: Increase lisinopril to 40 mg once a day.
• Patient Education and Counseling: She will continue to check her blood pressures and report them to me through the patient portal. We will have to make adjustments if necessary.

Depression.
• Medical Reasoning: The patient is doing well with weekly therapy.
• Medical Treatment: Continue current management strategies. No medication to start at this time.
• Patient Education and Counseling: She can contact me if she needs anything.

Patient Agreements: The patient understands and agrees with the recommended medical treatment plan."
"CHIEF COMPLAINT

Shortness of breath.

HISTORY OF PRESENT ILLNESS

Alan is a 61-year-old male who presents to the clinic today for the evaluation of shortness of breath. The patient states that over the weekend he took a very long bike ride, about three hours or so, and he got back home, he was very lightheaded, he was short of breath, and it really surprised him because he pretty much bikes every morning and it was never an issue before. He is a little concerned about that. He denies any chest pain, but he felt very lightheaded and it was hard to catch his breath afterwards. He denies any fever. He denies any cough. He had a little bit of a cough with his first cold in the last year and a half, but that went away after about a week or so. He denies any nausea, vomiting, or abdominal pain.

The patient has a history of migraines, which he has been under good control with medication and avoiding bright lights. He is still taking imitrex as needed. He has a history of reflux, which he is managing well with protonix. He had cataract surgery about three months ago and his vision is okay.

REVIEW OF SYSTEMS

• Respiratory: Endorses shortness of breath.
• Cardiovascular: Denies chest pain.
• Gastrointestinal: Denies nausea, vomiting, or abdominal pain.
• Neurological: Endorses migraines.

PHYSICAL EXAM

• Neck: Supple. No jugular venous distension.
• Respiratory: Lungs bilaterally have a slight wheeze, expiratory wheeze.
• Cardiovascular: Regular rate and rhythm. No murmurs. Trace lower extremity edema.

RESULTS

• Chest x-ray: Normal. No pulmonary edema. No pneumonia.
• Pulmonary function test: Normal.
• Labs: Normal.

ASSESSMENT AND PLAN

Alan is a 61-year-old male who presents to the clinic today for the evaluation of shortness of breath.

Asthma exacerbation.
• Medical Reasoning: The patient's pulmonary function test and chest x-ray are normal. His symptoms may be due to exercise-induced asthma.
• Patient Education and Counseling: I discussed the diagnosis with the patient and we discussed the use of an albuterol inhaler.
• Medical Treatment: Prescribed albuterol inhaler, two puffs every four hours as needed for wheezing or for shortness of breath.
• Specialist Referrals: I have ordered a pulmonary referral for the patient.

Migraine.
• Medical Reasoning: The patient is doing well with imitrex.
• Medical Treatment: Continue imitrex as needed.

Reflux.
• Medical Reasoning: The patient is doing well with protonix.
• Medical Treatment: Continue protonix.

INSTRUCTIONS

The patient will follow up in a couple of weeks. If he experiences any shortness of breath, he is instructed to call the office right away.","CHIEF COMPLAINT

Shortness of breath.

HISTORY OF PRESENT ILLNESS

Alan Butler is a 61-year-old male presenting with complaints of shortness of breath.

The patient states that over the weekend, he took a very long bike ride for approximately 3 hours, and when he returned, he was very lightheaded and short of breath. He notes that it was difficult to catch his breath afterward. He endorses that he had mild chest pain at that time, however, it eventually went away after about an hour. He denies any fever at this time or any other symptoms at this time. No other members in his family have been sick.

The patient is currently taking Imitrex as needed for his migraines. His migraines are under control and he avoids exposure to bright lights.

The patient is currently taking Protonix for his reflux and he is doing well with this.

The patient had cataract surgery about 4.5 months ago. He notes that his vision is okay since then.

REVIEW OF SYSTEMS

• Constitutional: No fevers.
• Cardiovascular: Endorses chest pain and dyspnea on exertion.
• Respiratory: Endorses a cough. Endorses shortness of breath.
• Gastrointestinal: Endorses reflux.
• Neurological: Endorses migraines. Endorses lightheadedness.

PHYSICAL EXAMINATION

• Neck: Supple. No jugular venous distension.
• Respiratory: Slight expiratory wheezing bilaterally.
• Cardiovascular: Regular rate and rhythm. No murmurs.
• Musculoskeletal: Trace edema in the bilateral lower extremities.

RESULTS

Pulmonary function test are within normal limits.

X-ray of the chest is unremarkable.

CBC: Within normal limits.

ASSESSMENT AND PLAN

The patient is a 61-year-old male who presents for shortness of breath.

Shortness of breath.
• Medical Reasoning: I reviewed the patient's chest x-ray, pulmonary function test, and labs which were all normal. He does have slight expiratory wheezing bilaterally on exam. I suspect his episode of shortness of breath was due to an exacerbation of asthma.
• Medical Treatment: I would like to prescribe an albuterol inhaler, 2 puffs every 4 hours as needed for wheezing or shortness of breath.
• Specialist Referral: I have referred him to pulmonology for an asthma workup.

Acid reflux.
• Medical Reasoning: This seems stable.
• Medical Treatment: I recommended the patient continue Protonix.

Migraines.
• Medical Reasoning: This problem is also stable. Continue on Imitrex as needed.
• Medical Treatment: I recommended he continue Imitrex as needed for migraines.

Patient Agreements: The patient understands and agrees with the recommended medical treatment plan.

INSTRUCTIONS

The patient will follow-up in 2 weeks or sooner if his conditions worsen."
"CHIEF COMPLAINT

Abnormal lab findings.

HISTORY OF PRESENT ILLNESS

Joyce is a 50-year-old female with a past medical history significant for COPD and congestive heart failure who presents for follow-up to an abnormal lab finding.

The patient states that she has been feeling really tired lately. Over the past couple of months, she has noticed that her energy has really gone down. She used to be really active, running, climbing. At least she tries to do an hour or two a day. Over the past month, it has gone slowly downhill. She has not been able to really keep up with the way she was going with her exercise. She denies any blood in her stools at this time. She denies dark or charry stools. She denies a lot of spotting with her periods. She denies any other symptoms like chest pain, shortness of breath, fever, chills, body aches, anything. She has noticed a little weight loss, but that is because she thinks she has been doing really well with her exercise.

Regarding her COPD, she states that she has not been smoking. She quit cold turkey several years ago and has not gone back since. She thinks that during the changes of season, it gets a little bit harder for her to breathe, but she thinks that is just because of her allergies.

Regarding her congestive heart failure, she states that she has been doing really well with that. She has been staying away from the French fries and all the other salty foods that she loves to eat. She denies any swelling in her legs or anything like that. She feels like she has a good support system.

REVIEW OF SYSTEMS

• Constitutional: Positive for fatigue. Denies fever, chills, or weight loss.
• Cardiovascular: Denies chest pain or lower extremity edema.
• Respiratory: Positive for fatigue. Denies shortness of breath.
• Gastrointestinal: Denies blood in her stools or dark stools.

PHYSICAL EXAM

• Neck: No cervical lymphadenopathy.
• Respiratory: Lungs are clear to auscultation.
• Cardiovascular: Heart sounds are normal. I do hear a slight 2 out of 6 systolic heart murmur on your heart exam.
• Gastrointestinal: Tenderness to palpation in the right lower quadrant on abdominal exam.
• Musculoskeletal: No lower extremity edema.

RESULTS

Hemoglobin is 8.2.

ASSESSMENT AND PLAN

Joyce is a 50-year-old female with a past medical history significant for COPD and congestive heart failure who presents for follow-up to an abnormal lab finding.

Anemia.
• Medical Reasoning: The patient's hemoglobin is 8.2.
• Patient Education and Counseling: I explained to the patient that we need to investigate why it is low. I told her that I would like to go ahead and schedule her for an endoscopy and a colonoscopy just to make sure that she is not bleeding from her inside her belly.
• Medical Treatment: I will be in touch when those labs come back to see what further workup we need to do.

COPD.
• Medical Reasoning: She has emphysema changes on her chest x-ray.
• Patient Education and Counseling: I advised her to continue staying away from smoking. She does not need any inhalers at this time.

Congestive heart failure.
• Medical Reasoning: She is watching her diet and her salt intake. She denies any swelling in her legs or anything like that.
• Patient Education and Counseling: I advised her to continue on the Toprol, continue on the lisinopril and we will continue her on her current diuretic dosing of 20 mg, Lasix 20 mg a day.
• Medical Treatment: I will be in touch when those labs come back to see what further workup we need to do.

Patient Agreements: The patient understands and agrees with the recommended medical treatment plan.","CHIEF COMPLAINT

Follow-up to an abnormal labs.

HISTORY OF PRESENT ILLNESS

Joyce Price is a 50-year-old female with a past medical history significant for COPD, congestive heart failure who presents for follow-up to an abnormal lab finding.

The patient reports that she has been feeling really tired lately. She reports that over the past couple of months, her energy has really gone down. She used to be really active, trying to be as healthy as she can be with running and climbing, at least an hour or two a day. Over the past month, her activity has slowly decreased. She reports that, due to her fatigue, she has not been able to keep up with her exercise. She reports that she had noticed a little weight loss, but she believes that was due to her doing really well with her exercises.

The patient reports that her COPD is doing well. She reports that she has not been smoking since she quit. She reports that during the changes of the season, it gets a little harder for her to breathe, but she believes that is because of her allergies.

From a congestive heart failure standpoint, she reports that she has been doing really well with her diet. She reports that she has been staying away from French fries and all the other salty foods that she likes to eat. She denies any swelling in her legs.

She reports that she has a good support system with her boyfriend and her brother.

She reports that she has not noticed any blood in her stool at this time. She denies that her stools are dark or black in color. She denies that she has had any abnormal bleeding between menses. The patient denies any other symptoms such as chest pain, shortness of breath, fever, chills, or malaise.

REVIEW OF SYSTEMS

• Constitutional: Denies fevers, chills. Endorses weight loss. Endorses fatigue.
• Cardiovascular: Denies chest pain or dyspnea.
• Respiratory: Endorses shortness of breath with seasonal changes.
• Gastrointestinal: Denies hematochezia, melena.
• Genitourinary: Denies abnormal bleeding between menses.
• Neurological: Positive for dizziness.

PHYSICAL EXAMINATION

• Neck: Supple without cervical lymphadenopathy.
• Respiratory: Lungs are clear to auscultation bilaterally. No wheezes, rales, or rhonchi.
• Cardiovascular: Regular rate. Slight 2/6 systolic ejection murmur. No gallops or rubs. No extra heart sounds.
• Gastrointestinal: Tenderness to palpation to the right lower quadrant.

RESULTS

Hemoglobin A1c is 8.2.
Labs are within normal limits.
Anemia labs: Still pending.

ASSESSMENT AND PLAN

Joyce Price is a 50-year-old female with a past medical history significant for COPD, congestive heart failure, who presents for follow up of abnormal labs.

1. Abnormal labs.
• Medical Reasoning: Her recent hemoglobin level was low at 8.2. Her available anemia labs were normal, but we need to wait for her pending labs for a definitive anemia diagnosis.
• Additional Testing: I would like to obtain an endoscopy and colonoscopy to evaluate for gastrointestinal bleeding.
• Specialist Referrals: We will put in a referral to gastroenterology to perform her endoscopy and colonoscopy.

2. COPD.
• Medical Reasoning: The patient is doing well. She ceased tobacco use several years ago and continues to abstain from this.
• Medical Treatment: I do not think she needs any inhalers at this time. She should continue to stay away from smoking.

3. Congestive heart failure.
• Medical Reasoning: She is doing well and continues to follow dietary modifications, particularly with limiting her sodium intake.
• Medical Treatment: Continue on Toprol and lisinopril, as well as her current dose of Lasix 20 mg a day.

Patient Agreements: The patient understands and agrees with the recommended medical treatment plan."
"CHIEF COMPLAINT

Annual exam.

HISTORY OF PRESENT ILLNESS

Evelyn is a 56-year-old female with a past medical history significant for coronary artery disease, prior carpal tunnel release, and a herniated disc who presents for her annual exam.

The patient reports that she has been doing well over the last year. She notes that her back has been doing really well and she has not had any back pain or limitations in movement. She has had a steroid injection for her back several months ago, which is doing well. She also notes that her carpal tunnel issues have been doing well and she is back to work. She denies any numbness and tingling in her hands.

The patient reports that she has been having a bit of chest pain over the last month. She describes it as a burning sensation. She notes that it is located in the middle of her chest and occurs about three times a week. She notes that it is relieved by rest.

The patient reports that she has had a history of prior stenting in the past for her heart vessels. She denies any chest pain, shortness of breath, nausea, or vomiting.

REVIEW OF SYSTEMS

• Cardiovascular: Endorses chest pain.
• Respiratory: Endorses nasal congestion.
• Musculoskeletal: Denies muscle aches.
• Neurological: Denies lower extremity edema.
• Constitutional: Denies fever or chills.

PHYSICAL EXAM

• Cardiovascular: Slight 3/6 systolic ejection murmur. No carotid bruits.
• Respiratory: Lungs are clear to auscultation bilaterally.
• Musculoskeletal: Healed surgical scars on the right wrist. No lower extremity edema.

RESULTS

Echocardiogram from last year shows a slightly low pumping function of the heart at 45%. She also has some slight mitral regurgitation.

ECG is stable and reflects her prior coronary artery disease. There are no new changes.

ASSESSMENT AND PLAN

1. Annual exam.
• Medical Reasoning: The patient is generally healthy and stable.
• Medical Treatment: We will continue her on aspirin and toprol.

2. Coronary artery disease.
• Medical Reasoning: She has a history of prior stenting and recurrent chest pain.
• Medical Treatment: We will order a cardiac stress test to see if she has more blockages that could be causing this chest discomfort. We will also order a lipid panel and start her on crestor 20 mg once a day.

3. Carpal tunnel release.
• Medical Reasoning: She seems to be doing well and is back to work.
• Medical Treatment: We will continue to monitor her.

4. Herniated disc.
• Medical Reasoning: She seems to be doing well and is back to work.
• Medical Treatment: We will continue to monitor her.

Patient Agreements: The patient understands and agrees with the recommended medical treatment plan.","CHIEF COMPLAINT

Annual exam.

HISTORY OF PRESENT ILLNESS

Evelyn Morris is a 56-year-old female with a past medical history significant for coronary artery disease, prior carpal tunnel release, and a herniated disc. She presents for her annual exam.

The patient states she has been doing okay with her herniated disc in her back. She has not had any back pain or any limitations in movement. She had a steroid injection for her herniated disc several months ago, which has been doing well.

Her right carpal tunnel release was performed a couple of years ago and she is back to work. She has full range of motion and it feels really good. No numbness or tingling in her hands.

She has had prior stenting for her heart and heart vessels in the past. Over the last month, she reports chest pain approximately 3-4 times a week with ambulation. Her chest pain does resolve with rest. The pain is described as burning and is located in the middle of her chest. She denies pain at rest.

She has had a little bit of nasal congestion from allergies. The patient denies, shortness of breath, nausea, vomiting, or lower extremity edema.

REVIEW OF SYSTEMS

• Constitutional: Denies fevers, chills.
• Ears, Nose, Mouth and Throat: Endorses nasal congestion form allergies.
• Cardiovascular: Denies dyspnea. Endorses chest pain with exertion.
• Respiratory: Denies shortness of breath.
• Musculoskeletal: Denies muscle pain.

PHYSICAL EXAMINATION

• Neck: No carotid bruits appreciable.
• Respiratory: Lungs are clear to auscultation bilaterally. No wheezes, rales, or rhonchi.
• Cardiovascular: Slight 3/6 systolic ejection murmur.
• Integumentary: Well-healed surgical scars on her right wrist.

RESULTS

Echocardiogram shows reduced ejection fraction at 45% with a slight mitral regurgitation.

ECG prior coronary artery disease. No new changes.

ASSESSMENT AND PLAN

Evelyn Morris is a 56-year-old female with a past medical history significant for coronary artery disease, prior carpal tunnel release, and a herniated disc. She presents for her annual exam.

Status post right carpal tunnel release.
• Medical Reasoning: The patient is doing well postoperatively. She has returned to work and denies any recurrent symptoms.

Herniated disc.
• Medical Reasoning: She has been asymptomatic since receiving a steroid injection several months ago. I do not think we need to refer her for any further steroid injections or physical therapy at this time.
• Patient Education and Counseling: If she has any recurrent symptoms, she will let me know and we can take it from there.

Coronary artery disease.
• Medical Reasoning: She reports a burning chest pain with exertion approximately 3 times per week for the past month. Her recent echocardiogram demonstrated a reduced ejection fraction of 45%.
• Medical Treatment: Continue aspirin and Toprol. Initiate Crestor 20 mg once daily.
• Additional Testing: We will order a cardiac stress test and a lipid panel for further evaluation.

Patient Agreements: The patient understands and agrees with the recommended medical treatment plan."
"CHIEF COMPLAINT

Depression.

HISTORY OF PRESENT ILLNESS

Roy is a 50-year-old male who presents for a routine followup appointment. He has a history of depression, hypertension, and high blood pressure.

The patient states that he has been doing well with his depression. He is on Zoloft 50 mg daily. He states that he has been having some ""bouts"" of depression, but it is under control. He is sleeping occasionally. He usually wakes up at 5:00 a.m. He denies any suicidal or homicidal ideations.

The patient states that his blood pressure has been well-controlled recently. He notes that he has been eating a poor diet over the last month, as he has been hosting friends over on vacation at the beach. He states that he has been eating a lot of food.

The patient states that he has put on a little weight.

REVIEW OF SYSTEMS

Psychiatric: Reports depression.
Cardiovascular: Reports hypertension.

PHYSICAL EXAM

Lungs: Clear to auscultation bilaterally.
Cardiovascular: Regular rate and rhythm. Grade 2 systolic ejection murmur, which is not clinically significant.
Extremities: No edema.

ASSESSMENT AND PLAN

1. Depression.
- Medical Reasoning: The patient is doing well with his depression.
- Medical Treatment: Continue Zoloft 50 mg daily. Refilled today.

2. Hypertension.
- Medical Reasoning: The patient's blood pressure has been well-controlled recently.
- Medical Treatment: Continue Lisinopril 5 mg daily.

3. Weight gain.
- Medical Reasoning: The patient has put on a little weight.
- Medical Treatment: The patient was advised to get back on his diet.

Patient Agreements: The patient understands and agrees with the recommended medical treatment plan.

INSTRUCTIONS

The patient will follow up in 1 month for a repeat visit and A1c.","CHIEF COMPLAINT

History of depression.

HISTORY OF PRESENT ILLNESS

Roy Sanchez is a 50-year-old male who comes in with a history of depressionand high blood pressure. He presents today for abnormal labs.

He states it has been a pretty stressful winter and spring, as they have been very short-staffed at work. The patient admits to recent weight gain. He has been hosting friends over vacation and at the beach this summer so the diet is off the charts out the window.

The patient has a history of depression and is doing well. He has been consistent with utilizing his Zoloft 50 mg a day. The patient states this has been a challenging year and a half. He is sleeping okay at night, occasionally waking up at 5 a.m. Denies thoughts of self-harm or suicidal ideation

His high blood pressure has been under good control recently

REVIEW OF SYSTEMS

• Constitutional: Endorses weight gain.
• Psychiatric: Endorses stress.

PHYSICAL EXAMINATION

• Respiratory: Lungs are clear to auscultation bilaterally. No wheezes, rales, or rhonchi.
• Cardiovascular: Regular rate. Grade 2 systolic ejection murmur. No gallops or rubs. No extra heart sounds.

ASSESSMENT AND PLAN

Roy Sanchez is a 50-year-old male who comes in with a history of depression and high blood pressure. He presents today for abnormal labs.

Hypertension.
• Medical Reasoning: Blood pressure is well controlled at this time.
• Medical Treatment: He will continue lisinopril 5 mg daily.

Depression.
• Medical Reasoning: He is doing well with Zoloft 50 mg daily.
• Medical Treatment: He will continue Zoloft 50 mg daily. This was refilled today.

Patient Agreements: The patient understands and agrees with the recommended medical treatment plan."
"CHIEF COMPLAINT

Upper respiratory infection.

HISTORY OF PRESENT ILLNESS

Logan is a 57-year-old male with a past medical history significant for coronary artery bypass grafting, hyperlipidemia, and obsessive-compulsive disorder, who presents with an upper respiratory infection.

The patient reports that about a week ago he started to get a cold. In the last two or three days, he states that it seemed to move into his chest. He also reports some post nasal drip for the beginning of the week, which he states left his head and went down to his upper chest. He denies any sinus pain. He states that he has had both COVID-19 vaccines. He denies any fevers. He denies any shortness of breath.

Regarding his hyperlipidemia, the patient states that he has been doing well with his diet. He notes that he did some traveling over the last week or so, which was not great for his diet. He is on Crestor 20 mg daily and denies any muscle aches.

Regarding his coronary artery bypass grafting, the patient states that he is doing well. He denies any chest pain. He is able to exercise.

REVIEW OF SYSTEMS

• Respiratory: Endorses cough and congestion. Denies shortness of breath.
• Constitutional: Denies fever.

PHYSICAL EXAM

• Respiratory: Bilateral ronchi and wheezing.
• Neck: Cervical lymphadenopathy.
• Cardiovascular: Normal heart sounds.
• Respiratory: Bilateral ronchi and wheezing.

RESULTS

• COVID-19 test: Positive.
• Lipid panel: Within normal limits.

ASSESSMENT AND PLAN

1. COVID-19.
• Medical Reasoning: The patient is vaccinated and has mild symptoms.
• Medical Treatment: The patient will quarantine for 10 days and avoid other household family members.
• Patient Education and Counseling: I advised the patient that his symptoms are likely due to a low-level positivity from his COVID-19 vaccination.

2. Hyperlipidemia.
• Medical Reasoning: The patient is doing well on Crestor 20 mg daily.
• Medical Treatment: Continue Crestor 20 mg daily.
• Patient Education and Counseling: I advised the patient to continue watching his diet. I will order another lipid panel in 6 months.

3. Coronary artery disease.
• Medical Reasoning: Stable.
• Medical Treatment: Continue with current exercise regimen.
• Medical Treatment: We will order a stress test in 6 months.

Patient Agreements: The patient understands and agrees with the recommended medical treatment plan.","CHIEF COMPLAINT

Upper respiratory infection.

HISTORY OF PRESENT ILLNESS

Logan Harris is a 57-year-old male with a past medical history significant for coronary artery bypass grafting, hyperlipidemia, and OCD, who presents with an upper respiratory infection.

The patient reports that about a week ago he started to get a cold, which has worsened in the last 2 or 3 days. He endorses some postnasal drip for the beginning of the week, however, it has seemed to move into his chest. He denies chest pain other than his chest congestion. He was able to exercise prior to getting sick. He denies anyone else being sick in his house. He denies fever and shortness of breath.

Regarding his high cholesterol, he states he has been pretty good for the most part. He did a little travel over the last week or so and his diet was not great but for the most part it is pretty good. He is on Crestor 20 mg a day and is tolerating it well. He denies any muscle aches. He had his bypass grafting last year and is doing great.

The patient is fully vaccinated for COVID-19.

REVIEW OF SYSTEMS

• Constitutional: Denies fevers.
• Ears, Nose, Mouth and Throat: Endorses post nasal drip.
• Cardiovascular: Endorses chest congestion.
• Respiratory: Denies shortness of breath.
• Psychiatric: Endorses obsessive compulsive disorder.

PHYSICAL EXAMINATION

• Neck: Positive cervical lymphadenopathy
• Respiratory: Rhonchi and wheezing bilaterally.

VITALS REVIEWED

• Oxygen Saturation: 96%.

RESULTS

Lipid panel: Within normal limits.

COVID-19 test: Positive

ASSESSMENT AND PLAN

Logan Harris is a 57-year-old male with a past medical history significant for coronary artery bypass grafting, hyperlipidemia, and OCD who presents today for upper respiratory symptoms.

COVID-19 Positive.
• Medical Reasoning: The patient presents with upper respiratory symptoms and his COVID-19 test was positive today. He has received both doses of the vaccination. His symptoms seem to be very mild at this time. His oxygenation is good at 96%.
• Patient Education and Counseling: I advised him to quarantine for 10 days and we discussed that he should try to avoid family members. I asked him to call me if his symptoms worsen.

Hypercholesterolemia.
• Medical Reasoning: He is doing well on Crestor 20 mg once a day. His cholesterol looked good on his most recent lipid panel.
• Patient Education and Counseling: I encouraged him to continue to watch his diet.
• Additional Testing: We will go ahead and order another lipid panel for 6 months.
• Medical Treatment: He can continue Crestor 20 mg once a day.

History of coronary artery bypass grafting.
• Medical Reasoning: He underwent coronary artery bypass grafting approximately 1 year ago. His coronary artery disease seems to be under control currently. He denies chest pain.
• Additional Testing: We will do a stress test in 6 months.

Patient Agreements: The patient understands and agrees with the recommended medical treatment plan."
"CHIEF COMPLAINT

Joint pain.

HISTORY OF PRESENT ILLNESS

James is a 57-year-old male with a past medical history significant for coronary artery disease and lupus, who presents today with joint pain.

The patient states that he has been putting a few more miles on the bike each day and his knees have been killing him, just more so in the last three or four days or so. He states that it is bilateral. He states that it hurts more in the morning when he wakes up, or does it hurt more when he is walking around and that type of thing. He states that usually when he gets up in the morning, they are pretty stiff and sore, and then by the end of the day, he starts to feel that same sensation. He states that it is pretty much like around dinner time or so. He denies any other joints bothering him, his elbows, wrists, shoulders, anything like that. He denies any swelling of his knees, or any redness of his knees. He denies any other associated symptoms, such as fatigue or fever. He denies any injury. He states that it is part of his workout, he just probably doubled the miles.

The patient states that he was on Plavix for his coronary artery disease, but he was taken off of it last year. He is still taking his aspirin every day. He denies any problems with his Crestor. He denies any chest pain or shortness of breath.

The patient states that he has been doing well with his lupus. He denies any issues as far as he knows in the last year or so. He states that his kidney function has been really good.

REVIEW OF SYSTEMS

• Constitutional: Denies fever and fatigue.
• Gastrointestinal: Denies abdominal pain, nausea, vomiting, or diarrhea.
• Musculoskeletal: Reports bilateral knee pain and stiffness.

PHYSICAL EXAMINATION

• Cardiovascular: 2/6 systolic ejection murmur.
• Respiratory: Lungs are clear to auscultation bilaterally.
• Musculoskeletal: Bilateral knee edema and slight erythema. Slight effusion present on the right knee. Pain to palpation of the right knee. Decreased range of motion of the knees bilaterally.

RESULTS

X-ray of the right knee: No bony abnormalities or fractures.

EKG: Normal.

ASSESSMENT AND PLAN

James is a 57-year-old male with a past medical history significant for coronary artery disease and lupus, who presents today with joint pain.

Joint pain.
• Medical Reasoning: I am concerned that it might be from a flareup of his lupus.
• Additional Testing: I want to order an autoimmune panel to see where we stand.
• Medical Treatment: I will order a lipid panel and another echocardiogram.

Coronary artery disease.
• Medical Reasoning: He is doing really well. His EKG looks good, his vital signs look good.
• Medical Treatment: I will order a lipid panel and another echocardiogram.

Patient Agreements: The patient understands and agrees with the recommended medical treatment plan.","CHIEF COMPLAINT

Joint pain.

HISTORY OF PRESENT ILLNESS

Mr. James Moore is a 57-year-old male with a past medical history significant for coronary artery disease and lupus, who presents today with some joint pain.

The patient reports he has been "" putting a few more miles on the bike each day "". His bilateral knees have been sore in the last 3 to 4 days. He states his bilateral knees are equally painful. He notes stiffness and soreness in the morning and, by the end of the day, he feels the same sensation. He endorses swelling and redness in his knees which reduces in severity by the afternoon. The patient denies any other associated fatigue. He denies any injury to his knees. He denies pain in any other joints including his elbows, wrists, or shoulders.

In regards to his coronary artery disease, Mr. Moore states he is compliant with his aspirin and Crestor. He denies chest pain or shortness of breath.

The patient denies recent symptoms related to his lupus over the last year.

He denies fever, chills, abdominal pain, nausea, and vomitting.

REVIEW OF SYSTEMS

• Constitutional: Denies fevers.
• Cardiovascular: Denies chest pain or dyspnea.
• Respiratory: Denies shortness of breath.
• Musculoskeletal: Endorses joint pain, stiffness, swelling, and erythema in bilateral knees.

PHYSICAL EXAMINATION

• Respiratory: Lungs are clear to auscultation bilaterally. No wheezes, rales, or rhonchi.
• Cardiovascular: 2/6 systolic ejection murmur, stable.
• Musculoskeletal: Edema and slight erythema of bilateral knees. Slight effusion of the right knee with pain to palpation. Decreased range of motion in bilateral knees.

RESULTS

X-ray of the right knee is unremarkable. No bony abnormalities or fractures were noted.

Electrocardiogram stable in comparison to last year.

ASSESSMENT AND PLAN

Mr. James Moore is a 57-year-old male with a past medical history significant for coronary artery disease and lupus, who presents today with some joint pain.

Lupus.
• Medical Reasoning: This has been stable and asymptomatic for the past year, but the patient reports increased joint pain and inflammation in his bilateral knees lately. ​His recent knee x-ray was unremarkable, so I am concerned that this is a lupus flare.
• Additional Testing: We will order an autoimmune panel for further evaluation.

Coronary artery disease.
• Medical Reasoning: He is asymptomatic at this time. He has discontinued Plavix but continues with daily aspirin and Crestor. His recent EKG was unremarkable.
• Additional Testing: We will order a lipid panel and a repeat echocardiogram.
• Medical Treatment: Continue current regimen.

Patient Agreements: The patient understands and agrees with the recommended medical treatment plan."
"CHIEF COMPLAINT

Diabetes follow-up.

HISTORY OF PRESENT ILLNESS

Natalie is a 39-year-old female who presents for a check-up for an abnormal lab. She has a history of high blood pressure, diabetes, and ACL repair.

The patient states that she had routine blood work done last week and was told that her blood sugars were high. She was shocked when the results came back elevated. She is currently on metformin 1000 mg a day. She denies any symptoms at this time.

The patient states that she has been doing well with her diet and has been avoiding sugars. She has been watching her weight and power walking every day. She is monitoring her blood sugars in the morning.

The patient states that her high blood pressure has been good and stable. She has been stable on the medication and has been taking it every day. She has a home blood pressure cuff and everything has been normal.

The patient states that she had an ACL repair on her right knee about 5 years ago. She has not had any issues with mobility. She is pretty physically active and doing exercises.

REVIEW OF SYSTEMS

• Cardiovascular: Denies chest pain.
• Respiratory: Denies shortness of breath.
• Gastrointestinal: Denies nausea, vomiting, or diarrhea.
• Genitourinary: Denies difficulty urinating or burning when urinating.
• Musculoskeletal: Denies headaches.

PHYSICAL EXAM

• Neck: Supple without thyromegaly or lymphadenopathy.
• Eyes: Normal sclera and fundi.
• Respiratory: Lungs are clear to auscultation bilaterally.
• Cardiovascular: Grade 3/6 systolic ejection murmur.
• Musculoskeletal: No swelling in the lower extremities.

RESULTS

Hemoglobin A1c: 8.1.

ASSESSMENT AND PLAN

Natalie is a 39-year-old female who presents for a check-up for an abnormal lab. She has a history of high blood pressure, diabetes, and ACL repair.

Diabetes.
• Medical Reasoning: Her hemoglobin A1c is elevated at 8.1.
• Additional Testing: Ordered CBC, CMP, and lipid panel.
• Medical Treatment: We will add Jardiance 10 mg a day. She will continue to follow her diet aggressively.

Hypertension.
• Medical Reasoning: Stable on lisinopril.
• Medical Treatment: Continue lisinopril.

ACL repair.
• Medical Reasoning: Stable.
• Medical Treatment: Continue with physical exercise, with physical therapy, with her normal exercise regimen.

Patient Agreements: The patient understands and agrees with the recommended medical treatment plan.","CHIEF COMPLAINT

Check up for abnormal labs.

HISTORY OF PRESENT ILLNESS

Natalie Price is a 39-year-old female here today for a check up for an abnormal labs. She has a history of high blood pressure, diabetes type 2, and right ACL repair.

The patient states she had routine blood work done last week and they said her blood sugars were high. She was instructed to follow up to get some more work done. She denies having any symptoms.

Regarding her diabetes, her diet has been really great lately. She has been avoiding sugars and watching her weight. The patient is power walking 30 minutes every day. She is checking her blood sugars every morning. The patient has continued to utilize metformin 1000 mg a day, which was increased at her last visit.

She states her high blood pressure has been stable with lisinopril. The patient has a cuff at home to measure her blood pressure herself.

Regarding her knee, she had an ACL repair on her right knee about 5 years ago and everything has been going well. She has not had any issues with mobility.

She denies chest pain, shortness of breath, vomiting, diarrhea, headaches, and abdominal pain. She denies any difficulty urinating or burning when she urinates.

REVIEW OF SYSTEMS

• Cardiovascular: Denies chest pain or dyspnea on exertion.
• Respiratory: Denies shortness of breath.
• Genitourinary: Denies urinary pain.
• Neurological: Denies headaches.

PHYSICAL EXAMINATION

• Head and Face: Normocephalic and atraumatic.
• Neck: Supple without thyromegaly or lymphadenopathy. No carotid bruits appreciable.
• Respiratory: Lungs are clear to auscultation bilaterally. No wheezes, rales, or rhonchi.
• Cardiovascular: 3/6 systolic ejection murmur.
• Gastrointestinal: Abdomen is soft and nondistended.
• Musculoskeletal: No lower extremity edema.

RESULTS

Hemoglobin A1c is elevated at 8.1.

ASSESSMENT AND PLAN

Natalie Price is a 39-year-old female with a history of high blood pressure, diabetes type 2, and right ACL repair. She presents today for evaluation following abnormal labs.

Diabetes type 2.
• Medical Reasoning: She is asymptomatic but her recent lab work demonstrated an elevated hemoglobin A1c of 8.1. She has been compliant with metformin 1000 mg daily, dietary modifications, and monitoring her blood glucose levels at home.
• Additional Testing: We will check her CBC, CMP, and lipid panel.
• Medical Treatment: Continue metformin 1000 mg daily. Initiate Jardiance 10 mg daily.
• Patient Education and Counseling: I encouraged her to follow her dietary modifications closely.

Hypertension.
• Medical Reasoning: This is stable and well-controlled on her current dose of lisinopril. She does monitor her blood pressures at home.
• Medical Treatment: Continue lisinopril at current dose.

Status post right ACL repair.
• Medical Reasoning: She is doing well postoperatively.
• Patient Education and Counseling: I encouraged the patient to continue with her physical activity and exercise regimen.

Patient Agreements: The patient understands and agrees with the recommended medical treatment plan."
"CHIEF COMPLAINT

Follow-up of chronic reflux.

HISTORY OF PRESENT ILLNESS

Alexander is a 62-year-old male who presents for a follow-up of his chronic reflux.

The patient reports that he is doing well and is comfortable. He states that he is on Protonix and it has made a significant change in his life. He is eating whatever he wants and feels much better. He is doing well with his dietary modifications, including cutting back on caffeine, spicy foods, and alcohol. He has switched from energy drinks to green tea. He reports that his attitude has improved and his job is going great. He has a good support system at home with his children calling and checking on him every day.

REVIEW OF SYSTEMS

• Cardiovascular: Denies chest pain, shortness of breath, or belly pain.
• Gastrointestinal: Denies nausea or vomiting.

PHYSICAL EXAMINATION

• Cardiovascular: 2/6 systolic ejection murmur, stable.
• Respiratory: Lungs are clear to auscultation bilaterally.
• Musculoskeletal: 1+ pitting edema bilaterally in the lower extremities.
• Neck: No carotid bruits.

RESULTS

Endoscopy from last year showed mild gastritis.

ASSESSMENT AND PLAN

Alexander is a 62-year-old male who presents for a follow-up of his chronic reflux.

Chronic Reflux.
• Medical Reasoning: The patient is doing well on Protonix and has been compliant with his dietary modifications.
• Patient Education and Counseling: I advised the patient to continue with his lifestyle modifications and Protonix 40 mg daily.
• Medical Treatment: Continue Protonix 40 mg daily.

INSTRUCTIONS

The patient will follow up in 3 months.","CHIEF COMPLAINT

Follow-up chronic problems.

HISTORY OF PRESENT ILLNESS

Alexander Myers is a 62-year-old male with a past medical history significant for reflux who presents for follow-up of his chronic problems.

In regards to his reflux, he reports that he has continued to utilize Protonix 40 mg daily. He states this has helped a lot and he is really comfortable. The patient is doing really well with his diet. He reports that he has discontinued drinking energy drinks and is now drinking green tea. The patient states this change has also helped reduce his side effects.

He notes that his reflux being improved has helped his mood. The patient has a good support system at home and all of his children call to check on him daily. He also notes his job is going well.

The patient denies chest pain, shortness of breath, abdominal pain, nausea, and vomiting.

REVIEW OF SYSTEMS

• Cardiovascular: Denies chest pain or dyspnea on exertion.
• Respiratory: Denies shortness of breath

PHYSICAL EXAMINATION

• Neurological/Psychological: Appropriate mood and affect.
• Neck: No carotid bruits appreciable.
• Respiratory: Lungs are clear to auscultation bilaterally. No wheezes, rales, or rhonchi.
• Cardiovascular: Regular rate. Slight 2/6 systolic ejection murmur, stable.
• Musculoskeletal: 1+ pitting edema bilaterally in the lower extremities.

RESULTS

Endoscopy from last year revealed mild gastritis.

ASSESSMENT AND PLAN

Alexander Myers is a 62-year-old male with a past medical history significant for acid reflux. He presents today for follow up of his chronic problems.

Acid reflux.
• Medical Reasoning: This is well controlled on Protonix and dietary modifications.
• Medical Treatment: Continue Protonix 40 mg daily.
• Patient Education and Counseling: I advised the patient to continue with lifestyle and dietary modifications.

Patient Agreements: The patient understands and agrees with the recommended medical treatment plan."
"CHIEF COMPLAINT

Chronic problems.

HISTORY OF PRESENT ILLNESS

Bruce is a 60-year-old male with a past medical history significant for depression, type 2 diabetes, and hypertension, who presents for followup of his chronic problems.

The patient was seen a couple months ago. He is doing well. He states that he has been doing well with his depression. He is not on any medications for his depression. He is using alternative options such as going for long walks outside every morning. He is encouraged to do a little in the yard himself which was a nice way to be active and get some sun. He is not ready yet to try any medications.

The patient states that he has been doing well with his diabetes. He is monitoring his blood sugar intake. He is still taking metformin.

The patient states that he has been doing well with his hypertension. He is taking lisinopril. He is doing well with his blood pressure.

The patient denies any chest pain, shortness of breath, belly pain, blood in the stool, or weight loss.

REVIEW OF SYSTEMS

• Cardiovascular: Denies chest pain, shortness of breath, belly pain, blood in the stool, or weight loss.
• Respiratory: Denies chest pain, shortness of breath, belly pain, blood in the stool, or weight loss.
• Gastrointestinal: Denies chest pain, shortness of breath, belly pain, blood in the stool, or weight loss.
• Psychiatric: Denies chest pain, shortness of breath, belly pain, blood in the stool, or weight loss.

PHYSICAL EXAM

• Neck: No carotid bruits appreciated.
• Respiratory: Lungs are clear bilaterally.
• Cardiovascular: Slight 2/6 systolic ejection murmur heard at the left base.
• Musculoskeletal: 1+ non-pitting edema bilaterally in the lower extremities.

RESULTS

EKG: Within normal limits.
Hemoglobin A1c: 8.
Lipid panel: Within normal limits.

ASSESSMENT AND PLAN

Bruce is a 60-year-old male with a past medical history significant for depression, type 2 diabetes, and hypertension, who presents for followup of his chronic problems.

1. Depression.
• Medical Reasoning: The patient is doing well with his depression. He is not on any medications for his depression. He is using alternative options such as going for long walks outside every morning. He is encouraged to do a little in the yard himself which was a nice way to be active and get some sun. He is not ready yet to try any medications.
• Patient Education and Counseling: I discussed with the patient that we can talk about some therapy and-
• Medical Treatment: I will refer him to psychiatry for talk therapy.

2. Type 2 diabetes.
• Medical Reasoning: His hemoglobin A1c is elevated at 8.
• Patient Education and Counseling: I discussed with the patient that we can talk about some therapy and-
• Medical Treatment: I will order a hemoglobin A1c in the next couple of months. We will increase the metformin to 1000 mg twice a day. We will order a lipid panel.

3. Hypertension.
• Medical Reasoning: He is doing well with his hypertension. He is taking lisinopril. He is doing well with his blood pressure.
• Medical Treatment: I will order an echocardiogram just to recheck it. I will keep the lisinopril at 20 mg a day.

Patient Agreements: The patient understands and agrees with the recommended medical treatment plan.","CHIEF COMPLAINT

Follow up of chronic problems.

HISTORY OF PRESENT ILLNESS

Bruce Howard is a 60-year-old male with a past medical history significant for depression, type 2 diabetes, and hypertension who presents for follow up of his chronic problems.

In regards to his depression, the patient notes that it has been a crazy year and a half. He experienced a lot of anxiety while getting ready for Thanksgiving but it is starting to resolve now. He denies suicidal and homicidal ideation. The patient and his wife began going on walks and gardening over the summer and he notes good relief of his depression from this; however, the season has changed and he needs an alterative method of management. He has preferred to avoid medications in the past.

The patient is still taking metformin for his diabetes. He notes some dietary indiscretion with Thanksgiving but he is doing better with this now.

In terms of his hypertension, he notes he is compliant with lisinopril. He did buy a blood pressure cuff and is checking his blood pressure at home. His blood pressures have reportedly been good.

He denies chest pain, dyspnea, abdominal pain, hematochezia, or weight loss.

REVIEW OF SYSTEMS

• Constitutional: Denies weight loss.
• Cardiovascular: Denies chest pain or dyspnea on exertion.
• Respiratory: Denies shortness of breath.
• Gastrointestinal: Denies hematochezia or abdominal pain.
• Psychiatric: Endorses anxiety and depression. Denies suicidal and homicidal ideations.

PHYSICAL EXAMINATION

• Constitutional: Well-developed, well-nourished, in no apparent distress.
• Neck: No carotid bruits appreciable.
• Respiratory: Lungs are clear to auscultation bilaterally. No wheezes, rales, or rhonchi.
• Cardiovascular: Slight 2/6 systolic ejection murmur heard at the left base, heard previously.
• Musculoskeletal: 1+ nonpitting edema bilaterally.

RESULTS

EKG was unremarkable.

Diabetic labs revealed an elevated hemoglobin A1c of 8.

ASSESSMENT

Bruce Howard is a 60-year-old male with a past medical history significant for depression, type 2 diabetes, and hypertension who presents for follow up of his chronic problems.

PLAN

Depression.
• Medical Reasoning: He has been doing well with going on morning walks; however, this has ended due to the cooler weather. He continues to decline the use of medications for this issue.
• Medical Treatment: We will defer initiating medication at this time.
• Specialist Referrals: I will refer him to psychiatry to engage in talk therapy.

Diabetes type 2.
• Medical Reasoning: The patient admits to recent dietary indiscretion. His most recent hemoglobin A1c was elevated at 8 percent. He is compliant with metformin.
• Additional Testing: I will order a repeat hemoglobin A1c in the next couple of months. I will also order a lipid panel.
• Medical Treatment: We will increase his metformin to 1000 mg twice a day.

Hypertension.
• Medical Reasoning: He has been monitoring his blood pressure on a regular basis. Blood pressure is well controlled at this time. He has a systolic ejection murmur that continues to be heard on exam.
• Additional Testing: I will order an echocardiogram to reassess the heart murmur.
• Medical Treatment: He will continue lisinopril 20 mg daily.

Patient Agreements: The patient understands and agrees with the recommended medical treatment plan."
"CHIEF COMPLAINT

Type 2 diabetes follow-up.

HISTORY OF PRESENT ILLNESS

Maria Martin is a 79-year-old female who presents for a follow-up of her type 2 diabetes. The patient was informed and consented to have this visit recorded.

The patient's last A1c was 9.9. She was instructed to increase her glimepiride to 4 mg twice a day. She is currently taking 2 mg twice a day. She is not making any changes to her diet. She is not eating pasta or bread. She does not drink soda. She prefers seltzer water. She is not drinking regular water.

The patient is on a combination of medications for hypertension, including metoprolol 50 mg once a day, lisinopril/hydrochlorothiazide 20/25 mg once a day, and amlodipine 10 mg once a day. She is also on atorvastatin for hyperlipidemia and vascular disease in her legs. She is tolerating the medication well. She reports that her feet feel like ""hell"" and that her legs are ""bugging her."" She is unable to walk much. She is still smoking.

The patient reports that her blood pressure was 116 mm Hg at home.

REVIEW OF SYSTEMS

• Neurological: Negative for headaches or dizziness.
• Respiratory: Negative for shortness of breath or coughing.
• Cardiovascular: Negative for chest pains or tightness.
• Gastrointestinal: Negative for nausea, vomiting, or GI symptoms.
• Genitourinary: Positive for frequent urination and nocturia.
• Musculoskeletal: Positive for pain in the hips and upper legs.

PHYSICAL EXAM

• Cardiovascular: Normal rate and rhythm. S1 and S2 are crisp. No murmurs.
• Respiratory: Lungs are clear. No wheezing or rhonchi.
• Musculoskeletal: Extremities without edema. Pulses are palpable on the dorsalis pedis and posterior tibial. Thickened nails. Mildly dry skin without skin breakdown. Mildly decreased sensation in the tips of the first and second toes.

ASSESSMENT AND PLAN

1. Type 2 diabetes.
• Medical Reasoning: The patient's A1c was 9.9. She is currently taking 2 mg glimepiride twice a day. She is not making any changes to her diet.
• Medical Treatment: Increase glimepiride to 4 mg twice a day. Continue metformin.
• Patient Education and Counseling: I advised the patient to watch for low blood sugars, which can cause weakness, shakiness, and sweating.

2. Hypertension.
• Medical Reasoning: Blood pressure is stable at home.
• Medical Treatment: Continue combination of medications.
• Patient Education and Counseling: We will check kidney function today.

3. Hyperlipidemia.
• Medical Reasoning: Stable.
• Medical Treatment: Continue atorvastatin.

4. Peripheral neuropathy.
• Medical Reasoning: Patient reports pain in the hips and upper legs.
• Medical Treatment: Continue current medications.

5. Vascular disease in her legs.
• Medical Reasoning: Stable.
• Medical Treatment: Continue current medications.

6. Cataracts.
• Medical Reasoning: Patient reports that her vision is better with the cataract surgery.
• Medical Treatment: Continue current medications.

7. Smoking.
• Medical Reasoning: Patient is not ready to quit.
• Medical Treatment: Encourage the patient to quit.

Patient Agreements: The patient understands and agrees with the recommended medical treatment plan.

INSTRUCTIONS

The patient will follow up in 4 months.","CHIEF COMPLAINT

Follow-up for diabetes management, hypertension, hyperlipidemia, peripheral vascular disease.

HISTORY OF PRESENT ILLNESS

Maria Martin is a 75-year-old female who presents today for follow-up for diabetes.

The patient's blood glucose levels are poorly controlled and her most recent hemoglobin A1C is 9.9%. She denies increasing glimepiride to 4 mg twice a day as advised but confirms she is compliant with 2 mg twice a day. She mostly denies reducing sugar and carbohydrate intake, although she opts for wheat bread, she does not have pasta at home, and she does not drink much soda and instead drinks club soda or seltzer water. She reports that her diabetic eye exams are up to date and she follows with Dr. Sanchez at Optimum Optometrists. She recently underwent cataract surgery and received a new prescription for her glasses, noting improvement in her vision to one eye and displeasure with the lens in her other eye.

She confirms compliancy with her blood pressure medications of metoprolol 50 mg daily, lisinopril/hydrochlorothiazide 20/25 mg daily, and amlodipine 10 mg daily. The patient intermittently completes at home blood pressure checks and reported seeing a systolic BP of 116 a few weeks ago. She is also compliant with her atorvastatin for hyperlipidemia and reports tolerating it well.

The patient is still experiencing bilateral hip, thigh, and foot pain related to peripheral neuropathy, noting her mobility is limited but she is walking as tolerated.

Ms. Martin does continue to smoke cigarettes and denies interest in cessation, although she agreed to begin thinking about it.

She is currently experiencing a productive cough with clear sputum that she attributes to her recent congestion.

The patient is also experiencing a slower urine stream, but it appears stable, and she contributes her urinary symptoms to aging. She also has nocturia on occasion which she contributes to her increased fluid intake in the evenings.

PAST HISTORY

Medical
Type 2 diabetes mellitus.
Hypertension.
Hyperlipidemia.
Peripheral vascular disease with neuropathy.

SOCIAL HISTORY

Current tobacco smoker.

CURRENT MEDICATIONS

Metoprolol 50 mg tablet. Take 1 tablet daily.
Lisinopril/hydrochlorothiazide 20/25 mg tablet. Take 1 tablet daily.
Amlodipine 10 mg tablet. Take 1 tablet daily.
Atorvastatin tablet.
Metformin.
Glimepiride 4mg tablet. Take 2 tablets by oral route 2 times per day.

VITALS

Blood pressure 140/60.

PHYSICAL EXAM

Respiratory
No rasping, wheezing.

Cardiovascular
Normal heart rate and regular rhythm. Carotids and pulses are normal. S1 and S2 are crisp. No murmurs.

Gastrointestinal
No nausea or vomiting.

Extremities
Bilateral Diabetic Foot Exam: No edema with palpable dorsalis pedis and posterior tibial pulses bilaterally. No skin breakdown. Thickened nails.
Sensory Examination: Mildly decreased sensation in the tips of the first and second toes bilaterally.

RESULTS

Hemoglobin A1C 9.9%.

ASSESSMENT

• Type 2 diabetes mellitus.
• Hypertension.
• Hyperlipidemia.
• Peripheral vascular disease.

PLAN

Type 2 diabetes mellitus
Increase glimepiride to 4 mg tablets two times per day. I counselled patient on the signs and symptoms of hypoglycemia, although I don't think she is at a great risk of hypoglycemia. There will be no change to her metformin dose. I counselled the patient on limiting her carbohydrate intake to support improved glycemia. We will recheck her Hemoglobin A1c and complete a kidney function test today.

Peripheral vascular disease
I counselled patient on improving frequency of moisturizing her feet. Improved glycemia would also benefit her neuropathy. If symptoms worsen, we will consider medication to control symptoms, but not at this time due to the patient has already reached polypharmacy.

Hypertension
Blood pressure appears to be well controlled based on checks completed at home. The patient will continue with amlodipine, metoprolol, and lisinopril/hydrochlorothiazide.

Hyperlipidemia
I will continue with atorvastatin as previously prescribed. If patient were to improve her diet, this would likely be beneficial as well.

INSTRUCTIONS

Finish current prescription of glimepiride 2 mg, 2 tablets 2 times per day. Refill will be 4 mg tablet, 1 tablet 2 times per day. Reduce carbohydrate intake overall to improve glycemia. Call the office with questions or any signs or symptoms of hypoglycemia."
"CHIEF COMPLAINT

Numbness and tingling in bilateral hands.

HISTORY OF PRESENT ILLNESS

Mr. Cook is a 60-year-old male who presents today for evaluation of bilateral hand numbness and tingling. The patient reports that the symptoms began several weeks ago and have worsened over the last month. He notes that the symptoms are more severe on the right side. He reports that the symptoms are worse at night and occur throughout the day. He describes the sensation as ""sore"" and ""throbbing,"" and notes that the hands feel ""weaker"" when using them. He reports that the tingling is more prominent when the hands are painful.

The patient reports a history of a motor vehicle accident in December of last year, during which he sustained a right wrist fracture. He has been wearing a splint on his right wrist. He also reports a history of a contusion to his neck during the accident.

The patient is currently taking Coreg for hypertension, Lexapro for anxiety, and has a history of prediabetes that he has since controlled through dietary changes. He denies any history of thyroid issues.

REVIEW OF SYSTEMS

Constitutional: Reports fatigue and weight gain.
Gastrointestinal: Reports excessive appetite and bloating.
Ocular: Reports floaters.
Cardiovascular: Reports shortness of breath and leg swelling.
Endocrine: Reports increased hunger.
Integumentary: Reports nail bed changes, dryness, and itching.
Musculoskeletal: Reports gout and muscle pain.
Neurological: Reports numbness and tingling in bilateral hands.

PHYSICAL EXAM

Neurological
- Right Hand: Sensation is decreased in the third and fourth digits.
- Left Hand: Sensation is decreased in the fourth and fifth digits.
- Reflexes: 1+ and symmetric; 2+ knees; toes are downgoing bilaterally.
- Tinel's Sign: Positive at both wrists and both elbows.

ASSESSMENT AND PLAN

1. Bilateral carpal tunnel syndrome.
- Medical Reasoning: The patient's symptoms of numbness and tingling in the median distribution of the hands, combined with a history of right wrist trauma and positive Tinel's sign at the bilateral wrists and elbows, are consistent with carpal tunnel syndrome.
- Medical Treatment: The patient was advised to continue wearing his splints.
- Additional Testing: An EMG was ordered to further evaluate the nerve responsiveness and pinpoint the exact site of nerve irritation.
- Referral: If symptoms persist, the patient may be referred to a hand clinic for potential injections or carpal tunnel release surgery.

Patient Agreements: The patient understands and agrees with the recommended medical treatment plan.

INSTRUCTIONS

The patient is to follow up in the office after the EMG studies are completed.","CHIEF COMPLAINT

Numbness and tingling of both hands.

HISTORY OF PRESENT ILLNESS

Elijah Cook is a 60-year-old male referred today for evaluation of numbness and tingling of both hands.

The patient complains of numbness, tingling, and pain in both hands which began in 12/2019 after he broke both wrists in a motor vehicle accident and which has progressively worsened since then. He continues to wear a splint on the right wrist all the time and on the left only intermittently, which he states is because the right wrist was injured more severely in the accident. The sensation radiates from the hands into the forearms and is equal bilaterally. The 4th and 5th fingers in the left hand and 3rd and 4th on the right-hand tingle. He states that his fingers are sore with palpation and seem weaker than before. Any exertion exacerbates the tingling, and after something exacerbates the pain, the tingling seems ""dull"". The symptoms come and go and seem to occur mostly at night. He denies complete loss of sensation in any of his fingers, but states that they seem less sensitive than they should be. He reports mild stiffness in his neck. He notes that he did hit his head during the car accident and was diagnosed with a contusion. He states that he has been given ""nerve pain medicine"" but has not been taking it.

He currently takes Coreg for his hypertension and Lexapro for his anxiety. He reports a history of prediabetes, which he has brought under control via dietary changes. He denies any history of thyroid issues.

REVIEW OF SYSTEMS

• Constitutional Symptoms: Easily fatigued, weight gain.
• Eyes: Floaters.
• Cardiovascular: Bilateral peripheral edema.
• Respiratory: Shortness of breath.
• Gastrointestinal: Excessive appetite, abdominal bloating.
• Musculoskeletal: Gout, muscle pain.
• Integumentary: Dry itchy skin, nail bed changes.
• Endocrine: Excessive hunger.

PHYSICAL EXAM

Neurological
Pinprick sensation intact in the 3rd and 4th fingers on the right hand and 4th and 5th fingers on the left hand. Reflexes are 1+ and symmetric, 2+ knees. Toes down going bilaterally. Tinel's sign positive at both wrists and elbows.

ASSESSMENT

• Bilateral carpal tunnel syndrome
Mr. Cook is a 60-year-old male referred today for evaluation of numbness and tingling of both hands. His symptom presentation and exam findings today suggest this is bilateral carpal tunnel syndrome or, potentially, this could also be bilateral cubital tunnel syndrome.

PLAN

Diagnosis discussed with patient, I explained that the nerves in his wrists are aggravated by the past trauma causing the pain and tingling. Further testing is indicated to measure the responsiveness of the nerves to determine exactly where the nerve irritation is coming from. We will plan for a follow-up visit after the EMG testing is performed. If still symptomatic, we can consider a referral to our Hand Clinic possibly for injections or carpal tunnel release surgery. We could also refer to an orthopedist for the same treatment.

INSTRUCTIONS

Follow-up after EMG testing."
"CHIEF COMPLAINT

Bilateral hand numbness and tingling.

HISTORY OF PRESENT ILLNESS

Ms. Shirley Taylor is a 60-year-old right-handed female who presents for evaluation of bilateral hand numbness and tingling. The patient reports that her symptoms began several weeks ago and have worsened over the last month. She notes that her symptoms are worse at night and throughout the day. She reports that her symptoms are worse when using her hands. She notes that she has been wearing a right wrist splint, but also a left wrist splint sometimes. She reports that her symptoms are worse when she is using her hands. She notes that she has been having some mild stiffness in her neck since her car accident last December. She reports that she hit her head during the accident and was told that it was a contusion. She reports that she has been taking nerve pain medicine, but has not been taking it as she should be.

The patient reports a medical history of chronic kidney disease, gout, hypertension, anxiety, GERD, and diabetes. She reports that she had pre-diabetes, but was able to get it under control by changing her diet. She reports that she is still taking carvedilol 25 mg twice a day for hypertension and Lexapro 10 mg a day for anxiety. She reports that she is allergic to sulfa drugs and that they cause her to break out in a rash. She denies any history of thyroid issues.

REVIEW OF SYSTEMS

Constitutional: Reports fatigue and weight gain.
Gastrointestinal: Reports excessive appetite and bloating.
Eyes: Reports floaters.
Cardiovascular: Reports shortness of breath and leg swelling.
Endocrine: Reports positive diabetes, always hungry.
Skin: Reports nail bed trenches, dryness, and itching.
Musculoskeletal: Reports gout and muscle pain.
Neurological: Reports paresthesia in bilateral hands.

PHYSICAL EXAM

Neurological
- Sensation: Normal except for diminished pinprick sensation in the 3rd and 4th fingers on the right and the 4th and 5th fingers on the left.
- Reflexes: 1+ and symmetric. 2+ knees.
- Tinel's sign: Positive at both wrists and both elbows.

ASSESSMENT AND PLAN

Bilateral carpal tunnel syndrome. Question of bilateral cubital tunnel syndrome.
- Medical Reasoning: The patient's symptoms of numbness and tingling in the bilateral hands, worse at night and with activity, combined with a positive Tinel's sign at both wrists and elbows, and diminished pinprick sensation in the 3rd and 4th fingers on the right and the 4th and 5th fingers on the left, are consistent with carpal tunnel syndrome.
- Patient Education and Counseling: I discussed my impression with the patient. I encouraged her to wear her splints and return for EMG and nerve conduction velocity. I advised her that if her symptoms do not resolve, we can consider a hand clinic referral for possible symptomatic injections or carpal tunnel release surgery.

Patient Agreements: The patient understands and agrees with the recommended medical treatment plan.

INSTRUCTIONS

The patient will return for EMG and nerve conduction velocity.","CHIEF COMPLAINT

Upper extremity tingling

HISTORY OF PRESENT ILLNESS

The patient is a 60-year-old female referred today for evaluation of numbness and tingling.

The patient complains of numbness, tingling, and pain in both hands which began last December after she broke both wrists in an MVA and which has progressively worsened since then. She continues to wear a splint on the right wrist all the time and on the left only intermittently, which she states is because the right wrist was injured more severely in the MVA. The sensation radiates from the hands into the forearms and is equal bilaterally. The 4th and 5th fingers in the left hand and 3rd and 4th on the right-hand tingle. She states that her fingers are sore with palpation and seem weaker than before. Any exertion exacerbates the tingling, and after something exacerbates the pain, the tingling seems ""dull"". The symptoms come and go and seem to occur mostly at night. She denies complete loss of sensation in any of her fingers, but states that they seem less sensitive than they should be. she reports mild stiffness in her neck. She notes that she did hit her head during the MVA and was diagnosed with a contusion. She states that she has been given ""nerve pain medicine"" but has not been taking it.

The patient takes carvedilol for her hypertension and Lexapro for her anxiety. She reports a history of prediabetes, which she has brought under control via dietary changes. She denies any history of thyroid issues.

REVIEW OF SYMPTOMS

• Constitutional Symptoms: The patient reports increased fatigue and weight gain.
• Eyes: Positive for floaters.
• Cardiovascular: Positive for leg swelling.
• Respiratory: Positive for shortness of breath.
• Gastrointestinal: Positive for excessive hunger and bloating.
• Musculoskeletal: Positive for gout and muscle pain.
• Integumentary: Positive for nail bed changes, dryness, and itching.
• Neurological: Positive for bilateral paresthesia of hands.
• Endocrine: Positive prediabetes and excessive hunger.

PAST MEDICAL HISTORY

Chronic kidney disease (CKD).
Prediabetes, diet controlled.
Hypertension.
Gastric esophageal reflux disorder (GERD)

CURRENT MEDICATIONS

Carvedilol 25 mg twice daily.
Lexapro 10 mg daily.

ALLERGIES

Sulfa, causes rash.

PHYSICAL EXAM

Neurological Exam
Sensation is normal except pinprick sensation diminished in the 3rd and 4th fingers on the right and the 4th and 5th fingers on the left. 1+ and symmetric, 2+ knees. Toes are downgoing bilaterally. Tinel's sign positive at both wrists and both elbows.

RESULTS

CT brain with and without contrast, 02/05/2021
Impression: No metastatic disease. No acute intracranial abnormalities. I personally reviewed the report and images.

ASSESSMENT

• Bilateral carpal tunnel syndrome, question of bilateral cubital tunnel syndrome.

PLAN

I discussed my impression with the patient. I will schedule her for EMG/NCV. If her symptoms do not resolve, we can consider Hand Clinic referral for possibly symptomatic injections or carpal tunnel release surgery, although she can also pursue these through her current orthopedist. I encouraged her to wear her splints.

INSTRUCTIONS

Return for EMG/NCV."
"CHIEF COMPLAINT

Acid reflux.

HISTORY OF PRESENT ILLNESS

Michelle King is a 39-year-old female who presents for evaluation of acid reflux. The patient reports a history of symptoms since age 12, which have worsened over the past few years. She is currently taking omeprazole 40 mg twice daily, but reports that her symptoms are not well controlled. She describes the sensation as heartburn in her chest and throat. She denies difficulty swallowing, abdominal pain, nausea, vomiting, or changes in bowel movements.

The patient reports that her symptoms are exacerbated by stress and certain dietary triggers, including spicy foods, carbonated beverages, citrus, and tomato-based foods. She has a family history of esophageal cancer on her maternal side and acid reflux on her maternal side. She notes that her mother was taking medication to coat the stomach lining. She denies any recent upper endoscopy.

The patient is a paralegal and reports significant work-related stress. She has a history of anxiety and seasonal allergies. She has a surgical scar on her abdomen from a bowel obstruction at one month of age.

REVIEW OF SYSTEMS

Gastrointestinal: Positive for heartburn in the chest and throat. Denies abdominal pain, nausea, vomiting, or changes in bowel movements.

PHYSICAL EXAMINATION

Cardiovascular
- Heart: Normal rate and rhythm.

Respiratory
- Lungs: Clear to auscultation bilaterally.

Abdomen
- General Examination: Well-healed surgical scars noted.

ASSESSMENT AND PLAN

1. Gastroesophageal reflux disease (GERD).
- Medical Reasoning: The patient has a several-year history of GERD with poorly controlled symptoms on omeprazole 40 mg twice daily. She has identified dietary triggers and reports significant stress.
- Medical Treatment: 
 - Discontinue omeprazole 40 mg twice daily.
 - Initiate nexium 40 mg twice daily.
 - Referral for upper endoscopy (EGD) to evaluate for ulcers or precancerous/cancerous conditions.
- Patient Education and Counseling: Discussed the role of dietary triggers and stress in GERD. Advised the patient to avoid spicy foods, carbonated beverages, citrus, and tomato-based foods.

2. Anxiety and seasonal allergies.
- Medical Treatment: These are currently managed with over-the-counter medications.

3. Family history of esophageal cancer.

Patient Agreements: The patient understands and agrees with the recommended medical treatment plan.

INSTRUCTIONS

The patient is instructed to call the office with any changes or problems prior to her EGD and follow-up appointment.","CHIEF COMPLAINT

Acid reflux.

HISTORY OF PRESENT ILLNESS

Michelle King is a 35 y.o. female who presents to clinic today for a new patient evaluation of acid reflux. She was referred by her primary care physician, Dr. Scott.

The patient reports severe acid reflux that has increased in severity in recent years. She explains that she has struggled with acid reflux since approximately age 12 and she describes a burning sensation in her chest that travels up her esophagus. She denies any dysphagia, abdominal pain, nausea/vomiting, changes in bowel movements, constipation, diarrhea, and rectal bleeding. She also denies any unintentional weight loss, although she admits to having a poor appetite due to her being under immense stress for the past 2 months. She has identified triggers for her symptoms, including stress, spicy foods, soda, and citrus or tomato-based products. She admits that she does still eat her trigger foods sometimes despite the exacerbation of her symptoms.

Ms. King has been taking omeprazole 40 mg twice daily for approximately 1 year. She believes that the use of omeprazole provides some relief of her symptoms as there are some days when she is asymptomatic. The only other medication she has tried is ranitidine which she took concurrently with omeprazole and she believes this helped. The patient denies undergoing an EGD within the last 10 years.

PAST HISTORY

Medical
Anxiety.

Surgical
Surgery as an infant for ""twisted intestines.""

Procedures
Possible EGD in youth, but none in the last 10 years.

SOCIAL HISTORY

Works as a paralegal.

FAMILY HISTORY

Maternal grandmother with esophageal cancer.

CURRENT MEDICATIONS

Omeprazole 40 mg twice daily.

ALLERGIES

Seasonal environmental allergies.

REVIEW OF SYSTEMS

• Constitutional Symptoms: Positive for loss of appetite.
• Gastrointestinal: Negative for constipation, diarrhea, abdominal pain, difficulty swallowing, nausea, vomiting, blood in stools, unexplained change in bowel habits. Positive for heartburn.
• Psychiatric: Positive for stress and anxiety.
• Allergic/Immunologic: Positive for seasonal allergies.

PHYSICAL EXAM

Gastrointestinal
There is a well-healed abdominal surgical scar.

ASSESSMENT

The patient presents today with a several year history of GERD that primarily manifests as heartburn and has been poorly controlled with omeprazole 40 mg twice daily. I suspect that she likely has GERD with underlying functional etiology as well. Reassuringly, she has no unintentional weight loss and denies any dysphagia. The patient has been able to identify triggers of her symptoms, including stress, spicy foods, carbonated beverages, citrus, and tomato-based foods.

• GERD
• Suspected underlying functional etiology of heartburn.

PLAN

• I recommended dietary and lifestyle modifications like cutting out her known trigger foods and trying to reduce her stress levels to help with her symptoms.
• I prescribed Nexium 40 mg twice daily to replace her current omeprazole 40 mg twice daily. I sent this prescription to her pharmacy.
• I also recommended she undergo an EGD. We discussed the potential risks of an endoscopic procedure. The patient understands the risks and is agreeable with the plan. She scheduled this procedure today.
• If her EGD is normal and her symptoms persist despite a trial of Nexium, we can consider a trial of Protonix and obtain a pH impedance study. This will allow us to rule out abnormal acid reflux exposure and to decipher between a functional etiology and hypersensitivity.
• The patient was counselled to call my office if anything changes or if she has any problems before her EGD or follow-up appointment.
• She will follow up with me in clinic after her EGD to discussed results and provide an update on the Nexium.

INSTRUCTIONS

• Avoid trigger foods and try to reduce stress levels.
• Stop omeprazole 40 mg twice daily and start Nexium 40 mg twice daily instead.
• Schedule EGD.
• Call with any changes or problems.
• Schedule a follow up visit after the EGD."
"CHIEF COMPLAINT

Followup.

HISTORY OF PRESENT ILLNESS

Michelle King is a 39-year-old female with a history of quadriplegia due to a prior spinal cord injury. She was admitted to District Regional Hospital on 06/29/2021, and was discharged on 07/02/2021. She was evaluated in the emergency department where she was febrile and had significantly elevated white blood cell count of 23,000. There were concerns for ongoing urinary tract infection, but she was treated with IV antibiotic therapy. She had labile blood pressure, headache, and vomiting. In the end, she slowly improved. She does have a supra-pubic catheter. Cultures were obtained and reviewed. She was eventually discharged after clinical improvement of her symptoms. She presents today to follow up regarding these concerns.

The patient states that she believes her hospitalization was more likely due to her dysreflexia, from her quadriplegia that typically occurs. She did have a lot of vital signs changes, including blood pressure fluctuations. She feels like she has a good bowel regimen, including taking the MiraLAX regularly as a primary treatment for constipation issues as well as lactulose for severe constipation. She feels like this was less likely a true urinary tract infection and was just related to her constipation. However, we did have a good discussion regarding her leukocytosis.

REVIEW OF SYSTEMS

Constitutional: Positive for diaphoresis.
Gastrointestinal: Positive for constipation.
Genitourinary: Positive for headache.
Neurological: Positive for lightheadedness.

PHYSICAL EXAMINATION

Not performed.

ASSESSMENT AND PLAN

Acute to chronic constipation.
The patient states that she believes her hospitalization was more likely due to her dysreflexia, from her quadriplegia that typically occurs. She did have a lot of vital signs changes, including blood pressure fluctuations. She feels like she has a good bowel regimen, including taking the MiraLAX regularly as a primary treatment for constipation issues as well as lactulose for severe constipation. She feels like this was less likely a true urinary tract infection and was just related to her constipation. However, we did have a good discussion regarding her leukocytosis.
Plan: I would recommend just in the next three or four weeks to come back in for some updated fasting labs, and we'll repeat the CBC just to make sure her white blood cells tend downward.

Quadriplegia.
The patient states that she believes her hospitalization was more likely due to her dysreflexia, from her quadriplegia that typically occurs. She did have a lot of vital signs changes, including blood pressure fluctuations. She feels like she has a good bowel regimen, including taking the MiraLAX regularly as a primary treatment for constipation issues as well as lactulose for severe constipation. She feels like this was less likely a true urinary tract infection and was just related to her constipation. However, we did have a good discussion regarding her leukocytosis.
Plan: We will continue to monitor her bowel function and blood pressure.

COVID vaccine status.
The patient is unvaccinated. She has expressed hesitancy regarding the vaccine. We had a good discussion, and I recommended that the only true preventative mechanism for COVID is the vaccine. I do not believe that supplements are necessarily going to help stave this off. I would be concerned if she does not get the vaccine and I would consider her at high risk based on her quadriplegia status. She does not want to get COVID. However, she needs to make these decisions. She is somewhat homeopathic.

INSTRUCTIONS

The patient will follow up in 2 to 3 weeks.","CHIEF COMPLAINT

Transition of care visit.

HISTORY OF PRESENT ILLNESS

Michelle King is a 39-year-old female who presents for a transition care visit. She was admitted to District Regional Hospital on 06/29/2021 and discharged on 07/02/2021.

The patient has a history quadriplegia from a prior spinal cord injury. She reported an increased concern for spasms, lightheadedness, headaches, significant constipation, and diaphoresis. Due to her uncontrolled blood pressure, headaches, and vomiting, she was evaluated in the emergency department. She was noted to be febrile, had a significantly elevated white blood cell count of 23,000, and labile blood pressure. Cultures were obtained and reviewed, with a urinary tract infection suspected. To note, the patient does require use of a suprapubic catheter. She was provided IV antibiotic therapy and was discharged after clinical improvement of her symptoms.

Today, the patient states she is feeling good and claims that she does not think she had an infection. Instead, she believes she was just constipated and that was the cause of her elevated blood pressure. She states she did not have a bowel movement in the hospital and when she got home, she had a large bowel movement and felt better. She states that she told the medical team in the emergency room that she was constipated, but they did not feel that was the causative agent, although they did complete x-rays and additional tests. The patient reports taking MiraLAX consistently for her constipation and Lactulose as needed, which takes 2 days produce a bowel movement.

The patient has not received the COVID-19 vaccinations because she does not know the side effects. She reports taking vitamin C and a multivitamin and she does not feel the need for the vaccine even though her ""respiratory status is limited"". The patient also denies receiving the flu vaccine.

PAST HISTORY

Medical
Quadriplegia.
Spinal cord injury.
Hypertension.
Chronic constipation.
Automatic dysreflexia.

CURRENT MEDICATIONS

MiraLAX as needed by mouth.
Lactulose as needed by mouth.

ASSESSMENT

• Acute to chronic constipation.
• Quadriplegia.

PLAN

Acute to chronic constipation
She believes that her hospitalization was more likely due to her constipation and dysreflexia from her quadriplegia. She had a lot of vital sign changes including blood pressure fluctuations. She feels like she has got a good bowel regimen. She does take MiraLAX consistently, and Lactulose for severe constipation. She feels like this was less likely a true urinary tract infection. However, we did have a good discussion regarding her leukocytosis. I would recommend in the next 3 or 4 weeks to come back in for some updated fasting labs and we will repeat the CBC and ensure that trends downwards.

COVID vaccine status
Again, she is hesitant. We had a good discussion. I recommend that the only real, true preventative mechanism for COVID is the vaccine. I do not believe that supplements are necessarily going to help stave this off. I would be concerned that she does not get vaccinated, I would consider her at high risk based on her quadriplegia status. She does not want to get COVID. However, she needs to make these decisions. She is somewhat homeopathic in some of her viewpoints.

INSTRUCTIONS

Labs pending at the time of discharge have been reviewed. Follow-up labs and appointments have been ordered."
"CHIEF COMPLAINT

Acne follow-up.

HISTORY OF PRESENT ILLNESS

Matthew Rogers is a 15-year-old male who presents for a follow-up of his acne. At his previous visit on 03/03/2021, he was prescribed clindamycin lotion, tretinoin cream 4-5%, benzoyl peroxide wash for the face, and 5-10% benzoyl peroxide wash for the chest and back.

The patient has been using the medications as prescribed. He reports that his skin is doing well. He has been using the benzoyl peroxide wash on his face and the tretinoin cream at night. He has not been using the 5-10% benzoyl peroxide wash on his chest and back. He reports that his skin is improving.

REVIEW OF SYSTEMS

Integumentary: Denies redness, peeling, dryness, or irritation with the use of the medications.

PHYSICAL EXAM

Integumentary
- Face: Less than 5 inflammatory papules on the forehead, cheeks, and chin.
- Back: Scattered inflammatory papules and pustules across the upper back and posterior shoulders.

ASSESSMENT AND PLAN

1. Acne vulgaris.
- Medical Reasoning: The patient's acne is improved and well controlled on the face, but there is a mild flare on the back.
- Medical Treatment: Continue current treatment plan for the face. Initiate treatment with PanOxyl 10% foaming wash to the back in the shower daily.
- Medications:
 - Clindamycin lotion: 11 refills.
 - Tretinoin cream: 3 refills.
 - Benzoyl peroxide wash for the face: 1 refill.
 - PanOxyl 10% foaming wash for the back: 1 refill.

INSTRUCTIONS

The patient will follow up in 1 year for a medication refill.","CHIEF COMPLAINT

Follow-up acne.

HISTORY OF PRESENT ILLNESS

Matthew Rogers is a 14-year-old male who presents today in follow-up for acne. He is accompanied by his father.

Matthew was last seen on 03/03/2021, at which time he was treatment regimen was only 4-5 % benzoyl peroxide facial wash twice a day. He was instructed to continue and was prescribed the following: clindamycin lotion to be applied topically every morning, tretinoin cream, and benzoyl peroxide 5-10 % wash to chest and back in the shower.

Today, Matthew reports that his facial acne is improving. His morning facial regimen includes 4-5 % benzoyl peroxide wash, clindamycin lotion and applying sunscreen. His evening facial regimen includes 4-5 % benzoyl peroxide wash, tretinoin cream, and applying moisturizer. The patient has not been using the prescribed higher strength benzoyl peroxide wash on his chest and back. He states that he has not put much effort into treating the back and chest areas because it has not been bothersome.

He denies any redness, peeling, dryness, or irritation with use of the topical medications.

CURRENT MEDICATIONS

4-5 % benzoyl peroxide facial wash twice daily.
Tretinoin cream topically at night.

PHYSICAL EXAM

Integumentary
Examination of the following areas was performed, face, chest, back, and posterior shoulders. Findings include, scattered inflammatory papules and pustules across the upper back and posterior shoulders. There are less than five inflammatory papules on the forehead, cheeks, and chin.

ASSESSMENT

• Acne vulgaris.

Matthew is a 14-year-old male presenting in follow-up of his acne. The acne vulgaris has improved and is well controlled on the face. There is a mild flare with scattered inflammatory papules and pustules across the upper back and posterior shoulders.

PLAN

Recommend continuing current treatment regimen for the face with 4-5 % benzoyl peroxide wash twice daily, clindamycin 1% lotion each morning, tretinoin 0.1 % cream each night, and moisturizing sunscreen. Initiate treatment of PanOxyl 10 % wash to the back daily in the shower. Prescriptions for clindamycin and tretinoin cream were submitted for 1 year supply. Samples and coupons for PanOxyl were provided to patient.

INSTRUCTIONS

Follow up in 1 year."
"CHIEF COMPLAINT

Post-operative follow-up.

HISTORY OF PRESENT ILLNESS

Stephanie Morales is a 44-year-old female who presents today for a six-week post-operative follow-up of a right medial unicompartmental arthroplasty. The patient reports that her knee is doing well and that she is experiencing numbness on the right side. She is currently working with physical therapy to improve her strength, range of motion, and endurance.

The patient is currently employed at UPS. She is unable to return to work at this time due to the position of her knee and the need to go up and down stairs. She is requesting a medical note to return to work. She is also unable to lift more than 5 or 10 pounds and is unable to stand or sit for more than 30 minutes.

REVIEW OF SYSTEMS

Musculoskeletal: Reports numbness on the right side.

PHYSICAL EXAM

Right knee: Healed surgical scar. Mild swelling. Tenderness over the area of the incision. Range of motion is 0 to 120 degrees.

RESULTS

X-rays of the right knee (3 views) taken today show implants in stable position. No evidence of loosening or early complications.

ASSESSMENT AND PLAN

1. Post-operative status of right medial unicompartmental arthroplasty.
- Medical Reasoning: The patient is six weeks status post surgery and is doing well. She is experiencing expected numbness in the area of the incision.
- Medical Treatment: Continue physical therapy for strength, range of motion, and endurance.
- Patient Education and Counseling: I explained to the patient that numbness will resolve as the nerves that innervate the skin across the knee heal. I also advised her that she may experience occasional aches and pains for the next two to three months.

2. Work restrictions.
- Medical Reasoning: The patient is unable to return to work at UPS due to the position of her knee and the need to go up and down stairs.
- Medical Treatment: I will provide a medical note for the patient to return to work.

3. Driving.
- Medical Reasoning: Normal reflex time is returned at six weeks.
- Medical Treatment: The patient will be able to return to driving when she is ready and feels safe to do so.

Patient Agreements: The patient understands and agrees with the recommended medical treatment plan.

INSTRUCTIONS

The patient will follow up in six weeks for a telemedicine visit.","CHIEF COMPLAINT

6 weeks postoperative follow up.

HISTORY OF PRESENT ILLNESS

Ms. Stephanie Morales is a 44-year-old female seen in clinic today in postoperative follow up, 6 weeks status post right medial knee unicompartmental arthroplasty.

Overall, the patient reports that she is doing well but does experience some numbness on the lateral aspect of her knee. She states she participates in home physical therapy. The patient denies any pain but does not feel she is able to return to work just yet, due to her physical job requirements at UPS.

PHYSICAL EXAM

Detailed Exam:
Gait: Antalgic.
Limp: Slight.
Velocity of gait: Slight.
Assistive Device: None.

RIGHT Knee Evaluation
Skin: Healed surgical scar.
Swelling: Mild swelling.
Maximum Tenderness: Along incision.
Extension: 0 degrees.
Flexion: 120 degrees.

RESULTS

Radiographs taken today, 3 views of the right knee, demonstrate implants in stable position without evidence of loosening or early complication.

ASSESSMENT

• Status post right medial knee unicompartmental arthroplasty.

Ms. Stephanie Morales is a 44-year-old female seen in clinic today in postoperative follow up, 6 weeks status post right medial knee unicompartmental arthroplasty. Overall, the patient is healing well and will continue to improve as she heals.

PLAN

The patient and I reviewed their imaging and clinical findings today. I had a discussion with Ms. Morales regarding her right knee and answered all of her questions. I explained the numbness she experiences is normal and will improve over time. I encouraged the patient to continue attending physical therapy, improving her strength, range of motion, and endurance. I noted it may take 2 to 3 months for her to feel like she is back to herself. All questions and concerns were answered during today's visit.

Note provided for her employer stating: She is unable to return to work for another 6 weeks due to restrictions in lifting greater than 5 or 10 pounds and standing or sitting longer than half an hour. I explained it takes 3 months to return to a labor-intensive job.

INSTRUCTIONS

Resume driving when feel ready to do so.
Follow up with me in 6 weeks for a telemedicine visit."
"CHIEF COMPLAINT

Abnormal renal ultrasound with atrophic right kidney.

HISTORY OF PRESENT ILLNESS

Ashley James is a 14-year-old female who was previously healthy, now here for evaluation of abnormal renal ultrasound with an atrophic right kidney.

The patient was found to have a small kidney on one side. Her mother states that she was found to have a small kidney on one side. She was found to have cysts or something on her kidney and ovaries and maybe some other places. Her lymph nodes were swollen and they found some infection. They told us to follow up with her doctor, which we figured since she was still sick. When we followed up with her doctor, what happened then? It did n't seem to be getting any better within a day or two, so we followed back up with her doctor, who was, of course, still out of town with no one to see her in his place. So we ended up coming to Atlanta. We stayed here for about four days. They did see her and treated her.

The patient's mother states that she was found to have a small kidney on one side. She was found to have cysts or something on her kidney and ovaries and maybe some other places. Her lymph nodes were swollen and they found some infection. They told us to follow up with her doctor, which we figured since she was still sick. When we followed up with her doctor, what happened then? It did n't seem to be getting any better within a day or two, so we followed back up with her doctor, who was, of course, still out of town with no one to see her in his place. So we ended up coming to Atlanta. We stayed here for about four days. They did see her and treated her.

The patient's mother states that she was found to have a small kidney on one side. She was found to have cysts or something on her kidney and ovaries and maybe some other places. Her lymph nodes were swollen and they found some infection. They told us to follow up with her doctor, which we figured since she was still sick. When we followed up with her doctor, what happened then? It did n't seem to be getting any better within a day or two, so we followed back up with her doctor, who was, of course, still out of town with no one to see her in his place. So we ended up coming to Atlanta. We stayed here for about four days. They did see her and treated her.

The patient's mother states that she was found to have a small kidney on one side. She was found to have cysts or something on her kidney and ovaries and maybe some other places. Her lymph nodes were swollen and they found some infection. They told us to follow up with her doctor, which we figured since she was still sick. When we followed up with her doctor, what happened then? It did n't seem to be getting any better within a day or two, so we followed back up with her doctor, who was, of course, still out of town with no one to see her in his place. So we ended up coming to Atlanta. We stayed here for about four days. They did see her and treated her.

The patient's mother states that she was found to have a small kidney on one side. She was found to have cysts or something on her kidney and ovaries and maybe some other places. Her lymph nodes were swollen and they found some infection. They told us to follow up with her doctor, which we figured since she was still sick. When we followed up with her doctor, what happened then? It did n't seem to be getting any better within a day or two, so we followed back up with her doctor, who was, of course, still out of town with no one to see her in his place. So we ended up coming to Atlanta. We stayed here for about four days. They did see her and treated her.

The patient's mother states that she was found to have a small kidney on one side. She was found to have cysts or something on her kidney and ovaries and maybe some other places. Her lymph nodes were swollen and they found some infection. They told us to follow up with her doctor, which we figured since she was still sick. When we followed up with her doctor, what happened then? It did n't seem to be getting any better within a day or two, so we followed back up with her doctor, who was, of course, still out of town with no one to see her in his place. So we ended up coming to Atlanta. We stayed here for about four days. They did see her and treated her.

The patient's mother states that she was found to have a small kidney on one side. She was found to have cysts or something on her kidney and ovaries and maybe some other places. Her lymph nodes were swollen and they found some infection. They told us to follow up with her doctor, which we figured since she was still sick. When we followed up with her doctor, what happened then? It did n't seem to be getting any better within a day or two, so we followed back up with her doctor, who was, of course, still out of town with no one to see her in his place. So we ended up coming to Atlanta. We stayed here for about four days. They did see her and treated her.

The patient's mother states that she was found to have a small kidney on one side. She was found to have cysts or something on her kidney and ovaries and maybe some other places. Her lymph nodes were swollen and they found some infection. They told us to follow up with her doctor, which we figured since she was still sick. When we followed up with her doctor, what happened then? It did n't seem to be getting any better within a day or two, so we followed back up with her doctor, who was, of course, still out of town with no one to see her in his place. So we ended up coming to Atlanta. We stayed here for about four days. They did see her and treated her.

The patient's mother states that she was found to have a small kidney on one side. She was found to have cysts or something on her kidney and ovaries and maybe some other places. Her lymph nodes were swollen and they found some infection. They told us to follow up with her doctor, which we figured since she was still sick. When we followed up with her doctor, what happened then? It did n't seem to be getting any better within a day or two, so we followed back up with her doctor, who was, of course, still out of town with no one to see her in his place. So we ended up coming to Atlanta. We stayed here for about four days. They did see her and treated her.

The patient's mother states that she was found to have a small kidney on one side. She was found to have cysts or something on her kidney and ovaries and maybe some other places. Her lymph nodes were swollen and they found some infection. They told us to follow up with her doctor, which we figured since she was still sick. When we followed up with her doctor, what happened then? It did n't seem to be getting any better within a day or two, so we followed back up with her doctor, who was, of course","CHIEF COMPLAINT

Evaluation of abnormal renal ultrasound with atrophic right kidney.

HISTORY OF PRESENT ILLNESS

Next patient Ashley James is a 14-year-old female, previously healthy, who is here for evaluation of abnormal renal ultrasound with atrophic right kidney.

The father details a history of the patient coming home sick one day with extreme right-sided abdominal pain. Her parents brought her for evaluation, and they treated her for a stomach virus and administered fluids prior to sending her home. The next day, the patient's pain was more severe. The patient returned to the doctor's office and an ultrasound and additional testing was performed which revealed left kidney hypertrophy. At that time, they were encouraged to follow-up with her primary care physician. The patient was seen briefly by her physician the next day, which was insignificant. Ashley was still experiencing stomach pain and vomiting, her father brought her to another facility in Jacksonville. At that location, the patient's family received information that her right kidney was nonfunctioning, atrophic, and smaller than her left kidney. Additionally, cysts on her kidneys, ovaries, and other locations were found. Her lymph nodes were swollen, and she had ""a lot of infections"". The patient was sent back to follow-up with her primary care physician. The patient was unable to follow back up with her primary care physician as he was still out of town. The patient came to Atlanta, remained here for 4 days, was evaluated and treated with subsequent improvement of her symptoms. She has not vomited since.

Prior to her current medical complaints, the patient was healthy. The etiology of her kidney issues is believed to have been caused by some severe infection the patient experienced, possibly as a child.

When the patient was 4 years old, she was hospitalized 3 or 4 times, for up to 2-3 days each time. She received fluids and antibiotics, and then discharged. Her father reports that no workup was ever performed to rule out infections during these hospitalizations. A week or 2 post-discharge the fever and symptoms would return. This kept recurring for approximately 2 months and then it spontaneously resolved.

The patient is still experiencing some stomach burning. She reports hesitancy while urinating and she states she has to wait for her urinary flow to commence. She endorses occasional dysuria. Ashley denies hematuria. Some beverages are associated with dysuria, thus the patient drinks mainly water, Gatorade and V8 juice.

SOCIAL HISTORY

The patient plays on softball team and is interested in joining a drill team over the summer.

FAMILY HISTORY

Paternal Grandfather: Deceased approximately 47. Myocardial Infarction. Posterior Urethral Valves. Obstructive Neuropathy. End Stage Chronic Kidney Disease was Dialysis dependent. Failed Renal Transplant.
Paternal Great Aunt: End Stage Chronic Kidney Disease is Dialysis dependent. Type II Diabetes. Hypertension.

No family history of polycystic kidney disease.

CURRENT MEDICATIONS

Pepcid 40 mg once daily.
Claritin as needed for allergies.

PHYSICAL EXAM

Constitutional
Well-appearing female adolescent, sitting comfortably on the exam table in no acute distress.

Neurological
Alert.

RESULTS

Abdominal ultrasound, 03/22/2021.
CT abdomen and pelvis, 03/22/2021.
CMP, 03/22/2021.

ASSESSMENT

• Renal hypoplasia.
Ashley is a 14-year-old female who presents today for evaluation of abnormal renal ultrasound with atrophic right kidney. She has right-sided renal hypoplasia with a small atrophic right kidney discovered incidentally on imaging for abdominal pain. Imaging shows compensatory hypertrophy of her left kidney. Otherwise, she shows no sequelae of chronic kidney disease and enjoys normal blood pressure. Her urinalysis is without sediment. She has normal kidney function with creatinine of 0.62, which equates to an estimated GFR of greater than 90 mL/min per 1.73 m², and normal serum electrolytes and acid base status. Ashley is at higher risk of hypertension and proteinuria, which will need to be followed annually.

PLAN

Yearly ultrasound to monitor the hypertrophic left kidney and atrophic right kidney. Also, on an annual basis I recommend completion of a urinalysis to assess for proteinuria and blood pressure checks. The patient should avoid use of nonsteroidal anti-inflammatory medications and use Tylenol for pain and fever. It is also recommended that she stay well hydrated, avoiding dehydration, especially while participating in sports, by consuming 2 L of water per day. I counseled the patient and family about the importance of a healthy diet and remaining active to avoid future comorbidities that may put her at increased risk for chronic kidney disease as in adult.

The patient does not need to follow up with a pediatric nephrologist but can instead follow up with her primary care physician or an adult nephrologist closer to home.

INSTRUCTIONS

Schedule follow up appointment with local adult nephrologist or primary care physician."
"CHIEF COMPLAINT

Left back pain.

HISTORY OF PRESENT ILLNESS

Sean is a pleasant 54-year-old male who presents to the clinic today for the evaluation of left back pain. The patient states that he has been having left lower back pain for a while now. He states that he had back surgery in November 2020. He states that he had a microdiscectomy and his disc broke off and just wrapped around and connected to his spinal thecal sac. He states that he was highly highly dosed up on gabapentin. He states that he was highly highly dosed up on gabapentin and he had to withdraw from it. He states that he has left side low back pain. He states that his significant other always tells him to stretch and it always works. He states that he has a lot of bending over and it makes it worse. He states that it happens randomly. He states that it hurts on the right side as well. He states that he has tried ibuprofen 800 mg a day. He states that he has no pain with flexion. He states that he has no pain with extension. He states that he has pain when he is weightbearing. He states that he has pain with palpation to the left side around the L5. He states that he has no pain with palpation to the right side. He states that he has normal range of motion. He states that he has no nerve pain.

REVIEW OF SYSTEMS

Musculoskeletal: Reports left lower back pain.

PHYSICAL EXAM

MSK: Examination of the back: No pain with flexion. No pain with extension. Pain with weightbearing. Pain with palpation to the left side around the L5. No pain with palpation to the right side. Normal range of motion.

RESULTS

X-rays of the spine were obtained and reviewed today. These reveal no fractures or other abnormalities.

ASSESSMENT

Left lower back pain.

PLAN

After reviewing the patient's examination and radiographic findings today, I have had a lengthy discussion with the patient in regards to his current symptoms. I have explained to him that his x-rays are normal and that he has no fractures or other abnormalities. I have recommended that we treat his left lower back pain conservatively. I have prescribed him meloxicam for pain management. I have also referred him to pain management for further evaluation and treatment. I have also prescribed him physical therapy.

Patient Agreements: The patient understands and agrees with the recommended medical treatment plan.","CHIEF COMPLAINT

Low back pain, left side.

HISTORY OF PRESENT ILLNESS

Sean Phillips is a pleasant 35-year-old male who presents to the clinic today for the evaluation of left-sided low back pain.

The patient has been experiencing pain in the left side of his low back, generally localized around the surgical site of his microdiscectomy performed in 11/2020, but occasionally into the right side as well. Other than spontaneous flare-ups, his pain is worsened with excessive spinal flexion. Stretching and ibuprofen 800 mg daily are helpful, but he denies having tried icing the area.

SURGICAL HISTORY

The patient is status post lumbar microdiscectomy performed in 11/2020.

MEDICATIONS

The patient reports that, prior to his microdiscectomy in 2020, he was taking high-dose gabapentin for severe nerve pain through his back and lower extremities. He is currently taking ibuprofen 800 mg daily.

REVIEW OF SYSTEMS

Musculoskeletal: Reports left-sided low back pain.

PHYSICAL EXAM

MSK: Examination of the lumbar spine: No pain with flexion or extension. Pain with weight-bearing. Pain with palpation on the left side around L5. No pain with palpation on the right side. Dorsiflexion is normal. Normal range of motion. No nerve pain in his lower extremities.

RESULTS

X-ray images of the lumbar spine were obtained and reviewed in office today. These reveal no evidence of fracture or other abnormalities in the spine or vertebrae. His previous surgical site is visible and appears to have healed properly.

ASSESSMENT

Low back pain, left side.

PLAN

After reviewing the patient's examination and radiographic findings today, I believe his symptoms are related to a muscle strain due to spinal misalignment. I recommend that we treat the patient conservatively with formal physical therapy and meloxicam. The patient requested a prescription for Vicodin and Demerol. I explained that Vicodin is a strong medication for this issue and that I would need to refer him to pain management for that, but I did provide him with a prescription for Demerol."
"CHIEF COMPLAINT

Vision changes.

HISTORY OF PRESENT ILLNESS

Emily is a pleasant 64-year-old female who presents to the clinic today for a routine eye exam. The patient reports that she has been experiencing sudden visual distortions and blurring of her vision. She also reports that straight lines appear crooked to her and that she has trouble adjusting to dim lights. She has a history of macular degeneration.

The patient is a smoker and has a blood pressure that she is not consistently monitoring.

REVIEW OF SYSTEMS

• Neurological: Positive for visual distortions and blurring of vision.

PHYSICAL EXAM

• Eyes:
- Anterior segment examination reveals posterior chamber intraocular lenses in both eyes.
- Right eye: The cornea is clear. No macular degeneration.
- Fundus examination of the right eye shows the retina to be attached 360 degrees without any tears or holes or PE changes in the fovea.
- Posterior segment exam shows drusen in the macula, thickening of the retina, presence of subretinal fluid and exudates, accumulation positive for hemorrhage.
- Left eye: The cornea is clear. No macular degeneration.
- Fundus examination of the left eye shows the retina to be attached 360 degrees without any tears or holes or PE changes in the fovea. No hemorrhage or subretinal fluid.

RESULTS

OCT: Drusen deposits in the retinal pigment epithelium. Subretinal fluid accumulation. Choroidal neovascular membrane can be visualized.
Fluorescein angiography: Focal areas of leakage in the right eye consistent with neurovascular age-related macular degeneration.

ASSESSMENT AND PLAN

1. Neovascular age-related macular degeneration.
- Medical Reasoning: The patient's symptoms, exam findings, and diagnostic test results are consistent with wet age-related macular degeneration.
- Patient Education and Counseling: I discussed the nature of the disease with the patient and explained that it is a progressive disease that can lead to severe vision loss. I also explained that the treatment may not stop the progression of the disease.
- Medical Treatment: I have recommended that we start the patient on a course of injections of Lucentis once a month.

Patient Agreements: The patient understands and agrees with the recommended medical treatment plan.","CHIEF COMPLAINT

Changes in vision.

SOCIAL HISTORY

Patient smokes approximately 1 pack of cigarettes per day.

REVIEW OF SYSTEMS

Eyes: Reports visual distortions and blurred vision.

PHYSICAL EXAM

Eyes
- Examination: Anterior segment examination reveals posterior chamber intraocular lenses in both eyes.
Right eye: The cornea is clear. No MVI. PCIOL cup to disc is 0.2. Fundus examination of the right eye shows the retina to be attached 360 degrees without any tears or holes. RPE changes in the fovea. Posterior segment exam shows drusen in the macula, thickening of the retina, presence of subretinal fluid and exudates accumulation. Positive for hemorrhage.
Left eye: The cornea is clear. No MVI. Cup to disc is 0.3. RPE changes in the fovea. No hemorrhage or subretinal fluid. Retina is attached.

RESULTS

Optical coherence tomography shows drusen deposit. Retinal pigment epithelium with subretinal fluid accumulation. The choroidal neovascular membrane can be visualized. Fluorescein angiography reveals focal areas of leakage in the right eye consistent with neovascular age-related macular degeneration.

ASSESSMENT AND PLAN

1. Neovascular age-related macular degeneration.
- Medical Reasoning: Based on her diagnostic testing and eye exam, this is at an advanced stage.
- Patient Education and Counseling: We discussed the nature of the condition, as well as the recommendation for Lucentis injections. I explained the procedure in detail and advised the patient of the potential outcomes.
- Medical Treatment: We will proceed with a once-monthly Lucenti's injections.

Patient Agreements: The patient understands and agrees with the recommended medical treatment plan."
"CHIEF COMPLAINT

Right ankle injury.

HISTORY OF PRESENT ILLNESS

Jacqueline is a pleasant 24-year-old female who presents to the clinic today for the evaluation of a right ankle injury. The patient states that she was doing mountain biking and fell off her bike and twisted her ankle. She states that she heard a ""crack"" at the time of injury. She denies any popping. She has been taking Tylenol for the pain, but it has not helped. She has been experiencing some numbness in her heart. She has been mountain biking for approximately 3 years. She denies any specific location for where she rides. She has been having a fever associated with the pain. She states that her temperature has been up to 200 degrees. She denies any numbness in her toes. She is able to ambulate with a limp. She denies any popping or popping.

REVIEW OF SYSTEMS

Constitutional: Positive for fever.
Neurological: Positive for numbness in the heart.
Musculoskeletal: Positive for right ankle pain.

VITALS

Temperature: 98.6 degrees F
Blood pressure: 118/77 mmHg
Heart rate: 77 beats per minute

PHYSICAL EXAM

Right Ankle
- Examination: There is some edema and erythema on the lateral malleolus on the right hand side. There is associated ecchymosis and a few excoriations. There is pain to palpation of the right lateral malleolus. There is decreased flexion and extension of the right ankle as well as internal and external rotation. There is no apparent injury to the knee or the foot.

RESULTS

X-ray of the right ankle reveals no acute fracture or bony abnormality.

ASSESSMENT

Acute right ankle sprain.

PLAN

After reviewing the patient's examination and radiographic findings today, I have had a lengthy discussion with the patient in regards to her current symptoms. I have explained to her that her x-rays were negative for any acute fractures or bony abnormalities. I have recommended that we place her in an air cast. I have also recommended that she use crutches. I have prescribed her meloxicam 15 mg once a day. She should ice the area for about 20 minutes 5 times a day and weight-bear as tolerated. I have told her that she should start feeling better in the next couple of weeks. If she does not, she should return to the clinic and we will consider physical therapy or pursuing further imaging.

Patient Agreements: The patient understands and agrees with the recommended medical treatment plan.","CHIEF COMPLAINT

Right ankle injury.

HISTORY OF PRESENT ILLNESS

Jacqueline Price is a pleasant 28-year-old female who presents to the clinic today for the evaluation of a right ankle injury. The patient sustained the injury when she fell while in mountain biking lessons. She states that her ankle twisted outward. The patient localizes the pain to her lateral aspect of her right ankle. She denies any tingling, but notes numbness in her toes. She notes that she is able to move her ankle a little bit. The patient states that she has difficulty walking. Additionally, she notes that she has a limp when she ambulates. She has taken Tylenol for the pain, but states that it was not beneficial. She denies hearing a pop, but did hear a crack when the injury happened. Ms. Price notes that she has had a fever.

SOCIAL HISTORY

The patient has been mountain biking for 3 years.

REVIEW OF SYSTEMS

Constitutional: Reports fever.
Musculoskeletal: Reports right ankle pain.
Neurological: Reports numbness in the right ankle.

VITALS

Temperature in offce today was 98.6.
BP: 118/77.
HR: 77 bpm.

PHYSICAL EXAM

CV: Mild edema.
MSK: Examination of the right ankle there is edema and erythema on the lateral malleolus on the right side. There is associated ecchymosis and a few excoriations. Pain with palpation of the right lateral malleolus. Decreased flexion and extension of the right ankle, as well as internal and external rotation. There is no apparent injury to the right knee or foot.

RESULTS

X-ray of the right foot taken in office today reveals no acute fracture or bony abnormalities.

ASSESSMENT

Acute right ankle sprain.

PLAN

We reviewed the patient's x-rays in detail today. The plan is to place the patient in an Aircast and provide the patient with crutches. I have also prescribed the patient meloxicam 15 mg to treat the pain. I have advised her to ice the area for 20 minutes 5 times per day. She can weight-bear as tolerated. I anticipate that she will improve in the next 2 weeks. If her pain does not improve with the Aircast, I will recommend formal physical therapy or pursuing further imaging."
"CHIEF COMPLAINT

Heart attack follow-up.

HISTORY OF PRESENT ILLNESS

Betty is a pleasant 64-year-old female who presents to the clinic today for a follow-up evaluation of her heart attack. She was admitted to the hospital for 48 hours and was diagnosed with an inferior myocardial infarction. She underwent a cardiac catheterization and a stent was placed in her right coronary artery. She is currently taking Brilinta twice daily, aspirin once daily, and Crestor 40 mg once daily. She is also taking Toprol 50 mg once daily. She is currently working part-time and is home from the hospital. She is a fan of the Denver Nuggets.

REVIEW OF SYSTEMS

• Cardiovascular: Positive for chest pain after surgery.
• Respiratory: Positive for shortness of breath when climbing stairs.

PHYSICAL EXAM

• Neck: No jugular venous distention. No carotid bruits.
• Respiratory: Lungs are clear to auscultation bilaterally.
• Cardiovascular: Slight 3/6 systolic ejection murmur heard at the left base.
• Musculoskeletal: Right radial artery cardiac cath site is clean, dry, and intact. No hematoma. Palpable radial pulse.
• Vitals: Blood pressure 127/60.

RESULTS

Echocardiogram: Mild mitral regurgitation.

ASSESSMENT AND PLAN

1. Inferior myocardial infarction.
• Medical Treatment: Continue aspirin and Brilinta for at least one year. Continue Crestor 40 mg once daily.
• Additional Testing: Order a repeat echocardiogram in 6 months.
• Referrals: Patient to be enrolled in cardiac rehab.

2. Mitral regurgitation.
• Medical Treatment: Continue Toprol 50 mg once daily.
• Additional Testing: Liver function studies and lipid panel to be ordered and reviewed at the next visit.

Patient Agreements: The patient understands and agrees with the recommended medical treatment plan.

INSTRUCTIONS

The patient will follow up in 6 weeks.","CHIEF COMPLAINT

Follow up.

MEDICAL HISTORY

Patient reports an myocardial infarction.

SURGICAL HISTORY

Patient reports stent placement in the right coronary artery.

SOCIAL HISTORY

Patient is a fan of the Denver Nuggets basketball team. He also enjoys swimming.

MEDICATIONS

Patient reports taking Brilinta twice a day every 12 hours, aspirin 81 mg at night, Crestor 40 mg once a day, and Toprol 50 mg once a day.

REVIEW OF SYSTEMS

Cardiovascular: Denies chest pain.
Respiratory: Reports shortness of breath with exertion.
Skin: Denies redness or infection in the right wrist.

VITALS

Blood Pressure: 127/60.

PHYSICAL EXAM

Neck
- General Examination: No jugular venous distention. No carotid bruits.

Respiratory
- Auscultation of Lungs: Clear bilaterally.

Cardiovascular
- Auscultation of Heart: Slight 3/6 systolic ejection murmur heard at the left base. No gallops or rubs.

Musculoskeletal
- Examination: Right radial artery cardiac catheterization site is clean, dry, and intact. No hematoma. Palpable radial pulse.

RESULTS

The ejection fraction, obtained while he was hospitalized, was measured at approximately 50%, which is in the low normal range.

I reviewed the patient's recent echocardiogram which demonstrates mild mitral regurgitation.

ASSESSMENT AND PLAN

1. Inferior myocardial infarction.
- Medical Reasoning: The patient is doing well. His catheterization site is healing well.
- Patient Education and Counseling: I explained the importance of continuing to take his medications to prevent the stent from clogging again and to reduce his chance of another heart attack. I encouraged him to limit his salt intake as an increased amount of sodium can affect the ejection fraction measurement of his heart function.
- Medical Treatment: The patient is taking a low-dose aspirin, and will continue taking it for life or until he is instructed to discontinue. Continue Brilinta for at least 1 year. Continue Crestor 40 mg once a day. Continue Toprol 50 mg once a day. The patient can resume swimming a few laps. He will enroll in cardiac rehab to gain confidence in returning to exercising and for dietary education and counseling. Liver function studies and lipid panel ordered. Repeat echocardiogram ordered to be performed in 6 months.

Patient Agreements: The patient understands and agrees with the recommended medical treatment plan.

INSTRUCTIONS

The patient will follow up with me in 6 weeks to review his studies."
"CHIEF COMPLAINT

Right knee pain.

HISTORY OF PRESENT ILLNESS

Beverly Howard is a pleasant 42-year-old female who presents to the clinic today for the evaluation of right knee pain. The onset of her pain began approximately 2 weeks ago when she fell off of a tandem bike with her partner. She states that she hit the curb with her knee. She denies any prior history of knee pain. She was treated with ibuprofen and a band-aid at the scene. She has been experiencing pain since that time. She has been taking ibuprofen up to twice a day for pain. She has been taking ibuprofen up to three times a day for pain. She has been taking ibuprofen up to twice a day for pain. She has been taking ibuprofen up to twice a day for pain. She has been taking ibuprofen up to twice a day for pain. She has been taking ibuprofen up to twice a day for pain. She has been taking ibuprofen up to twice a day for pain. She has been taking ibuprofen up to twice a day for pain. She has been taking ibuprofen up to twice a day for pain. She has been taking ibuprofen up to twice a day for pain. She has been taking ibuprofen up to twice a day for pain. She has been taking ibuprofen up to twice a day for pain. She has been taking ibuprofen up to twice a day for pain. She has been taking ibuprofen up to twice a day for pain. She has been taking ibuprofen up to twice a day for pain. She has been taking ibuprofen up to twice a day for pain. She has been taking ibuprofen up to twice a day for pain. She has been taking ibuprofen up to twice a day for pain. She has been taking ibuprofen up to twice a day for pain. She has been taking ibuprofen up to twice a day for pain. She has been taking ibuprofen up to twice a day for pain. She has been taking ibuprofen up to twice a day for pain. She has been taking ibuprofen up to twice a day for pain. She has been taking ibuprofen up to twice a day for pain. She has been taking ibuprofen up to twice a day for pain. She has been taking ibuprofen up to twice a day for pain. She has been taking ibuprofen up to twice a day for pain. She has been taking ibuprofen up to twice a day for pain. She has been taking ibuprofen up to twice a day for pain. She has been taking ibuprofen up to twice a day for pain. She has been taking ibuprofen up to twice a day for pain. She has been taking ibuprofen up to twice a day for pain. She has been taking ibuprofen up to twice a day for pain. She has been taking ibuprofen up to twice a day for pain. She has been taking ibuprofen up to twice a day for pain. She has been taking ibuprofen up to twice a day for pain. She has been taking ibuprofen up to twice a day for pain. She has been taking ibuprofen up to twice a day for pain. She has been taking ibuprofen up to twice a day for pain. She has been taking ibuprofen up to twice a day for pain. She has been taking ibuprofen up to twice a day for pain. She has been taking ibuprofen up to twice a day for pain. She has been taking ibuprofen up to twice a day for pain. She has been taking ibuprofen up to twice a day for pain. She has been taking ibuprofen up to twice a day for pain. She has been taking ibuprofen up to twice a day for pain. She has been taking ibuprofen up to twice a day for pain. She has been taking ibuprofen up to twice a day for pain. She has been taking ibuprofen up to twice a day for pain. She has been taking ibuprofen up to twice a day for pain. She has been taking ibuprofen up to twice a day for pain. She has been taking ibuprofen up to twice a day for pain. She has been taking ibuprofen up to twice a day for pain. She has been taking ibuprofen up to twice a day for pain. She has been taking ibuprofen up to twice a day for pain. She has been taking ibuprofen up to twice a day for pain. She has been taking ibuprofen up to twice a day for pain. She has been taking ibuprofen up to twice a day for pain. She has been taking ibuprofen up to twice a day for pain. She has been taking ibuprofen up to twice a day for pain. She has been taking ibuprofen up to twice a day for pain. She has been taking ibuprofen up to twice a day for pain. She has been taking ibuprofen up to twice a day for pain. She has been taking ibuprofen up to twice a day for pain. She has been taking ibuprofen up to twice a day for pain. She has been taking ibuprofen up to twice a day for pain. She has been taking ibuprofen up to twice a day for pain. She has been taking ibuprofen up to twice a day for pain. She has been taking ibuprofen up to twice a day for pain. She has been taking ibuprofen up to twice a day for pain. She has been taking ibuprofen up to twice a day for pain. She has been taking ibuprofen up to twice a day for pain. She has been taking ibuprofen up to twice a day for pain. She has been taking ibuprofen up to twice a day for pain. She has been taking ibuprofen up to twice a day for pain. She has been taking ibuprofen up to twice a day for pain. She has been taking ibuprofen up to twice a day for pain. She has been taking ibuprofen up to twice a day for pain. She has been taking ibuprofen up to twice a day for pain. She has been taking ibuprofen up to twice a day for pain. She has been taking ibuprofen up to twice a day for pain. She has been taking ibuprofen up to twice a day for pain. She has been taking ibuprofen up to twice a day for pain. She has been taking ibuprofen up to twice a day for pain. She has been taking ibuprofen up to twice a day for pain. She has been taking ibuprofen up to twice a day for pain. She has been taking ibuprofen up to twice a day for pain. She has been taking ibuprofen up to twice a day for pain. She has been taking ibuprofen up to twice a day for pain. She has been taking ibuprofen up to twice a day for pain. She has been taking ibuprofen up to twice a day for pain. She has been taking ibuprofen up to twice a day for pain. She has been taking ibuprofen up to twice a day for pain. She has been taking ibuprofen up to twice a day for pain. She has been taking ibuprofen up to twice a day for pain. She has been taking ibuprofen up to twice a day for pain. She has been taking ibuprofen up to twice a day for pain. She has been taking ibuprofen up to twice a day for pain. She has been taking ibuprofen up to twice a day for pain. She has been taking ibuprofen up to twice a day for pain. She has been taking ibuprofen up to twice a day for pain. She has been taking ibuprofen up to twice a day for pain. She has been taking ibuprofen up to twice a day for pain. She has been taking ibuprofen up to twice a day for pain. She has been taking ibuprofen up to twice a day for pain. She has been taking ibuprofen up to twice a day for pain. She has been taking ibuprofen up to twice a day for pain. She has been taking ibuprofen up to twice a day for pain. She has been taking ibuprofen up to twice a day for pain. She has been taking ibuprofen up to","HISTORY OF PRESENT ILLNESS

Beverly Howard is a pleasant 33-year-old female who presents to the clinic today for the evaluation of right knee pain.

The patient reports that she fell off of a tandem bicycle and struck her right knee on a curb approximately 2 weeks ago. After the injury, she took ibuprofen and treated the wound, but the pain has persisted. She localizes her pain to the medial aspect of the knee. She also reports occasional clicking with full extension of the knee, as well as occasional instability with ambulation. The patient states that her pain is the worst when ambulating up an incline. She denies any previous right knee issues. She enjoys walking her dogs and swimming but has not done this since her injury.

SOCIAL HISTORY

The patient works in a Children's Hospital.

REVIEW OF SYSTEMS

Musculoskeletal: Reports right knee pain, clicking, and instability.

PHYSICAL EXAM

SKIN: Warm, dry and intact
MSK: 
Examination of the right knee: Tenderness along the medial joint line. Pes bursa is nontender. The epicondyle and posterior aspect of her knee are soft. Popliteal space is nontender. The lateral aspect of her knee is nontender. There is a dime-sized abrasion that is dry and appears to be 1 week old, over the medial patella. No scars. Full extension. Full symmetric flexion. No deformity. Valgus stress of the medial and lateral collateral ligament are intact. Laxity with posterior drawer testing. 1+ posterior drawer test. Negative Lachman test. Patella tracks fine. No crepitus. Negative McMurray test.
Examination of the left knee: Full symmetric flexion. No deformity. Valgus stress of the medial collateral ligament is intact. Lateral collateral ligament is intact.

RESULTS

4 views of the right knee were taken. These reveal no evidence of any fractures or dislocations. Joint space is well preserved. No other abnormalities are noted.

ASSESSMENT

Right knee pain, possible posterior cruciate ligament sprain.

PLAN

After reviewing the patient's examination and radiographic findings today, we had a lengthy discussion in regard to her current symptoms. I explained that her x-rays did not reveal any signs of a fracture. I recommend we obtain an MRI of the right knee to evaluate for a possible posterior cruciate ligament injury. In the meantime, I have recommended that the patient be placed in a brace to provide increased support. I have also recommended that the patient attend formal physical therapy to work on her range of motion and strengthening. I advised her to ice her right knee a few times a day to reduce the swelling. She can continue taking her ibuprofen if she finds this helpful, but I am also going to send in a prescription medication she can take less frequently. The patient will follow up with me in 4 to 6 weeks to check on her progress.

ORDERS

MRI, right knee
Prescription medication"
"CHIEF COMPLAINT

Left arm pain.

MEDICAL HISTORY

Patient reports history of hypertension and diabetes.

SOCIAL HISTORY

Patient reports history of mowing grass.

MEDICATIONS

Patient reports taking Norvasc 2.5 mg and metformin 500 mg.

REVIEW OF SYSTEMS

Cardiovascular: Reports intermittent chest pain.
Respiratory: Denies shortness of breath.
Musculoskeletal: Reports left arm pain from the elbow to the neck.

PHYSICAL EXAM

Cardiovascular
- Auscultation of Heart: Slight murmur noted.

RESULTS

Blood pressure: 150/90.
Blood glucose: Not performed.
ECG: Not performed.

ASSESSMENT AND PLAN

1. Left arm pain.
- Medical Reasoning: The patient presents with left arm pain from the elbow to the neck. The pain is intermittent and comes and goes. The patient denies any unusual activity that may have caused the pain.
- Patient Education and Counseling: I explained to the patient that we will obtain an EKG to rule out any cardiac issues.
- Medical Treatment: We will obtain an EKG today.

2. Hypertension.
- Medical Reasoning: The patient's blood pressure is elevated at 150/90.
- Patient Education and Counseling: I explained to the patient that we will obtain an EKG today.
- Medical Treatment: We will obtain an EKG today.

3. Diabetes.
- Medical Reasoning: The patient's blood glucose is elevated.
- Patient Education and Counseling: I explained to the patient that we will obtain a blood glucose test today.
- Medical Treatment: We will obtain a blood glucose test today.

4. Chest pain.
- Medical Reasoning: The patient reports intermittent chest pain that radiates up the arm.
- Patient Education and Counseling: I explained to the patient that we will obtain an EKG today.
- Medical Treatment: We will obtain an EKG today.

Patient Agreements: The patient understands and agrees with the recommended medical treatment plan.","CHIEF COMPLAINT

Left arm pain.

HISTORY OF PRESENT ILLNESS

Zachary Wood is a 45-year-old right-hand-dominant male who presents to the clinic today for the evaluation of left arm pain. The onset of his pain began yesterday when he woke up with pain. He denies any specific injury. The patient locates his pain from his left elbow up all the way to his neck. He describes his pain as an achiness. The patient has been taking Motrin for pain, which does not provide him with relief. He also reports intermittent chest pain that radiates up his neck. He notes that he had to stop cutting the grass the other day because of chest pain. The patient denies any shortness of breath.

For his hypertension, the patient states that his blood pressure has been around 125/72 recently. He is still taking 2.5 mg of Norvasc.

Regarding his type 2 diabetes, his last hemoglobin A1c was 7.2. He takes metformin 500 mg. The patient states that he does not check his blood glucose levels regularly.

MEDICAL HISTORY

Patient reports that he has a past medical history of hypertension and type 2 diabetes.

MEDICATIONS

Patient reports that he currently takes metformin 500 mg and Norvasc 2.5 mg.

REVIEW OF SYSTEMS

Cardiovascular: Reports chest pain.
Respiratory: Denies shortness of breath.
Musculoskeletal: Reports left elbow, arm, and neck pain.

VITALS

The patient's blood pressure today is 150/90.

PHYSICAL EXAM

CV: Slight murmur detected, not heard before.

ASSESSMENT

Left arm pain.
Type 2 diabetes.
Hypertension.

PLAN

Regarding his left arm pain, I have explained to him that his symptoms are likely a mild heart attack. I have recommended that we obtain an EKG for further evaluation. I have also recommended that the patient take aspirin and nitroglycerin for pain. The patient will follow up with me once the EKG results are available for review and further discussion.

In regards to his diabetes, the patient will continue the 500 mg of metformin for now.

For his hypertension, the patient will continue the 2.5 mg of Norvasc."
"CHIEF COMPLAINT

Abdominal pain.

MEDICAL HISTORY

Patient reports history of chronic migraines and hypertension.

SOCIAL HISTORY

Patient reports she is a big traveler.

MEDICATIONS

Patient reports she is taking Excedrin for migraines. She is also taking sumatriptan as needed for breakthrough migraines. She is on lisinopril 20 mg per day.

REVIEW OF SYSTEMS

Constitutional: Reports chills but denies fever.
Gastrointestinal: Reports nausea and heartburn. Denies vomiting, diarrhea, or blood in stool.
Genitourinary: Denies dysuria or hematuria.
Neurological: Reports migraines.

PHYSICAL EXAM

Cardiovascular
- Auscultation of Heart: Grade 3/6 systolic ejection murmur unchanged from prior exam.

Gastrointestinal
- Examination of Abdomen: Mild to moderate tenderness in the right upper quadrant. Equivocal Murphy's sign in the right upper quadrant. Rest of the abdomen is soft and without significant tenderness. No right lower quadrant pain. No CVA tenderness.

ASSESSMENT AND PLAN

1. Abdominal pain.
- Medical Reasoning: The patient presents with acute abdominal pain and right upper quadrant tenderness. This is concerning for possible gallstones or infection of the gallbladder.
- Patient Education and Counseling: I advised the patient to avoid eating anything right now in case we find something that might require surgery.
- Medical Treatment: I have ordered a CBC, chemistry panel, urinalysis, pregnancy test, and right upper quadrant ultrasound to be performed today.

2. Migraine headaches.
- Medical Reasoning: The patient has a history of chronic migraines and occasional bouts of migraines.
- Patient Education and Counseling: I encouraged the patient to avoid alcohol binges and caffeine binges and try to get enough sleep.
- Medical Treatment: Continue Excedrin as needed for over-the-counter treatment. Continue sumatriptan as needed for breakthrough migraine pain.

3. Hypertension.
- Medical Reasoning: The patient's blood pressure is under adequate control.
- Medical Treatment: Continue lisinopril 20 mg per day. I will provide a refill prescription for this and send it to the pharmacy. Continue to check blood pressures daily.

Patient Agreements: The patient understands and agrees with the recommended medical treatment plan.

INSTRUCTIONS

The patient will follow up in 4 weeks.","CHIEF COMPLAINT

Abdominal pain.

MEDICAL HISTORY

Patient reports history of chronic migraines and hypertension.

SOCIAL HISTORY

Patient reports enjoyment in traveling and notes that she has not had any big trips since visiting Europe last summer.

MEDICATIONS

Patient reports use of Excedrin Migraine when needed and occasionally sumatriptan. She also takes lisinopril 20 mg per day.

REVIEW OF SYSTEMS

Constitutional: Reports fatigue, chills, and decreased appetite. Denies fever.
Gastrointestinal: Reports abdominal pain, nausea, and heartburn. Denies vomiting, diarrhea, and hematochezia.
Genitourinary: Denies dysuria and hematuria.

VITALS

Blood pressure is slightly elevated.

PHYSICAL EXAM

Respiratory
- Auscultation of Lungs: No wheezes, rales, or rhonchi.
Cardiovascular

Cardiovascular
- Auscultation of Heart: Grade 3 out of 6 systolic ejection murmur, unchanged from prior exam.
Gastrointestinal

Gastrointestinal
- Examination of Abdomen: Soft, no masses. Mild to moderate tenderness to palpation in right upper quadrant. Equivocal Murphy's sign in right upper quadrant. Nontender right lower quadrant with deep palpation. No CVA tenderness.

ASSESSMENT AND PLAN

1. Abdominal pain.
- Medical Reasoning: Patient presents with acute abdominal pain with right upper quadrant tenderness concerning for cholelithiasis or cholecystitis.
- Patient Education and Counseling: Patient was advised to remain NPO pending her results in case surgery is needed.
- Medical treatment: CBC, chem 12, urinalysis, HCG qualitative, and right upper quadrant ultrasound were all ordered and will be performed today.

2. Migraine headaches.
- Medical Reasoning: Patient has a history of chronic migraines with occasional bouts of migraines, but no recent issues.
- Patient Education and Counseling: Patient counseled on avoidance of alcohol binges and caffeine binges. We also discussed trying to get enough sleep.
- Medical Treatment: She will continue to use Excedrin as needed. Refill for sumatriptan was provided today which she can take as needed for breakthrough migraine pain.

3. Hypertension.
- Medical Reasoning: Patient has been monitoring her blood pressure at home which has been under adequate control. Her blood pressure was only slightly elevated today in office.
- Patient Education and Counseling: Patient encouraged to continue with her daily blood pressure monitoring.
- Medical Treatment: Refill for lisinopril 20 mg per day was provided today.

Patient Agreements: The patient understands and agrees with the recommended medical treatment plan.

INSTRUCTIONS

We will follow up with the patient regarding her results today. If she is cleared to return home, we will see her back for follow-up in 4 weeks."
"CHIEF COMPLAINT

Cough.

MEDICAL HISTORY

Patient reports history of diabetes type 2.

SURGICAL HISTORY

Patient reports no surgeries.

MEDICATIONS

Patient reports taking metformin 500 mg daily.
Patient reports taking hydrochlorothiazide.

REVIEW OF SYSTEMS

Constitutional: Denies fever.
Respiratory: Reports cough and nasal congestion. Denies shortness of breath.
Gastrointestinal: Denies nausea, vomiting, or diarrhea.
Musculoskeletal: Denies body aches.
Neurological: Denies headaches.

VITALS

Blood pressure: 144/72.

PHYSICAL EXAM

Respiratory
- Auscultation of Lungs: Clear bilaterally. No wheezes, rales, or rhonchi.

Neck
- General Examination: No lymphadenopathy.

Musculoskeletal
- Examination: No edema.

Integumentary
- Examination: No rashes.

RESULTS

COVID-19 test: Results are pending.

ASSESSMENT AND PLAN

1. Upper respiratory infection.
- Medical Reasoning: The patient presents with a cough and green sputum production, sore throat, and nasal congestion. She was recently around a family member who was sick with similar symptoms.
- Patient Education and Counseling: I advised the patient that this is most likely a virus and to let it run its course. I advised her to drink lots of fluids and take things to help with her symptoms. I also advised her to try another cough medicine.
- Medical Treatment: I recommended Coricidin HBP for cough.

2. Type 2 diabetes.
- Medical Reasoning: The patient is doing well with her current medication regimen.
- Patient Education and Counseling: I advised the patient that she will be due for her hemoglobin A1c at her next visit.
- Medical Treatment: Continue metformin 500 mg daily or twice a day.

3. Hypertension.
- Medical Reasoning: The patient's blood pressure is elevated at home and in the office.
- Patient Education and Counseling: I advised the patient to take her hydrochlorothiazide in the morning.
- Medical Treatment: Increase hydrochlorothiazide to 25 mg once a day.

Patient Agreements: The patient understands and agrees with the recommended medical treatment plan.","CHIEF COMPLAINT

Cough.

MEDICAL HISTORY

Patient reports history of seasonal allergies, diabetes type 2, and hypertension.

MEDICATIONS

Patient reports taking metformin 500 mg as well as hydrochlorothiazide every day.

REVIEW OF SYSTEMS

Constitutional: Denies any fever or body aches.
HENT: Reports sore throat and nasal congestion.
Respiratory: Reports productive cough with green phlegm. Denies any shortness of breath.
Gastrointestinal: Denies nausea, vomiting, or diarrhea.

VITALS

Blood Pressure: Elevated at 144/72 mm Hg. The remainder of the vital signs look good.

PHYSICAL EXAM

Head and Face
- Examination: No frontal sinus tenderness. Bilateral maxillary sinus tenderness.

Ears, Nose, Mouth, and Throat
- Examination of Mouth:
- Examination of Throat: Erythema of the pharynx. Tonsils are symmetrical. No exudates.

Neck
- General Examination: Anterior cervical adenopathy.

Respiratory
- Auscultation of Lungs: Clear bilaterally. No wheezes, rales, or rhonchi.

Cardiovascular
- Auscultation of Heart: Regular rate and rhythm. 2 out of 6 systolic ejection murmur at the left base.

Musculoskeletal
- Examination: No edema.

ASSESSMENT AND PLAN

1. Cough.
- Medical Reasoning: The patient presents with symptoms similar to an upper respiratory infection. Most likely it is a virus that is causing her symptoms, especially as she reports being around some else with similar symptoms.
- Patient Education and Counseling: I explained that we often let the virus run its course while we treat her symptoms. I advised her to be cautious with over-the-counter cough medicines as certain ones can affect her blood pressure and diabetes.
- Medical Treatment: She increase her fluid intake. I recommended she try Coricidin HBP as a safer alternative to her cough medicine. The patient should rest frequently. I will order a COVID-19 test.

2. Type 2 diabetes.
- Medical Reasoning: Stable with medication.
- Patient Education and Counseling: I encouraged the patient to continue with dietary restrictions.
- Medical Treatment: We will continue her on her metformin 500 mg twice a day. Repeat hemoglobin A1c will be due at her next visit.

3. Hypertension.
- Medical Reasoning: Her blood pressure is elevated today, and it sounds like it has been trending higher at home as well.
- Patient Education and Counseling: I encouraged the patient to continue limiting her intake of salty foods. >I recommend that she take her hydrochlorothiazide in the morning because it can result in more frequent urination.
- Medical Treatment: We will increase her dose of hydrochlorothiazide to 25 mg once a day. She will continue checking her blood pressure a few times a week at different times of the day.

Patient Agreements: The patient understands and agrees with the recommended medical treatment plan."
"CHIEF COMPLAINT

Left shoulder pain.

HISTORY OF PRESENT ILLNESS

Betty is a pleasant 62-year-old female who presents to the clinic today for the evaluation of left shoulder pain. The patient reports that the pain started a few weeks ago and is associated with her activity level and renovating her basement. She denies any direct trauma to the area. She denies any numbness or tingling in her arm or hand. She has been taking Tylenol 2x extra strength every 6 to 8 hours and reports that it helps take the edge off. She rates her pain without medication as a 3 and with medication as a 2 or 3.

REVIEW OF SYSTEMS

Musculoskeletal: Reports left shoulder pain.
Neurological: Denies numbness or tingling in the left arm or hand.

PHYSICAL EXAM

Vitals: Within normal limits.
CV: Capillary refill is brisk in less than 3 seconds.
NEURO: Motor and sensation is intact to light touch.
MSK: Examination of the left shoulder reveals limited active and passive range of motion. There is some tenderness of the greater tuberosity of the humerus. There is no tenderness at the sternoclavicular or clavicular joints. Good hand grip bilaterally.

RESULTS

X-ray of the left shoulder: No fracture or bony abnormality.

ASSESSMENT

Left shoulder pain.

PLAN

After reviewing the patient's examination and radiographic findings today, I have had a lengthy discussion with the patient in regards to her current symptoms. I have explained to her that her symptoms are most likely due to rotator cuff tendinopathy. I have recommended that we obtain an MRI of the left shoulder to ensure that we are not missing anything. I have also referred her for physical therapy for approximately 6 to 8 weeks. She will continue to take Tylenol p.r.n. if her symptoms do not improve. If her symptoms do not improve, we can then consider a steroid injection of the left shoulder.

INSTRUCTIONS

The patient will follow up with me in approximately 2 weeks.","CHIEF COMPLAINT

Left shoulder pain.

HISTORY OF PRESENT ILLNESS

Betty Rogers is a pleasant 50-year-old female who presents to the clinic today for the evaluation of left shoulder pain.

For the past few weeks, the patient has been experiencing constant pain isolated to the left shoulder. She denies any known injury or trauma; however, she is very active and is currently renovating her basement. She denies any associated numbness or tingling as well. While movements such as reaching and lifting exacerbate her pain, full flexion of the shoulder is the most severe. Her pain is also exacerbated if she lays on her shoulder, which subsequently causes sleep disturbance due to her being uncomfortable. She typically takes Tylenol Extra Strength, 2 tablets every 6 to 8 hours, for aches and pains associated with her active lifestyle, and doing so reduces her shoulder pain to 2-3/10 on the pain scale. Without medication, she rates her pain as 7/10.

MEDICAL HISTORY

The patient denies any previous trauma or injury to left shoulder.

SOCIAL HISTORY

The patient reports that she has a very active lifestyle. She has also been renovating her basement recently.

MEDICATIONS

The patient reports that she has been taking Tylenol Extra Strength, 2 tablets every 6 to 8 hours.

REVIEW OF SYSTEMS

Musculoskeletal: Reports left shoulder pain.
Neurological: Denies left shoulder numbness or tingling.

PHYSICAL EXAM

CV: Capillary refill is brisk at less than 3 seconds.
NEURO: Motor and sensation in the left shoulder are intact to light touch.
MSK: Examination of the left shoulder: Limited active and passive range of motion. Tenderness over the greater tuberosity of the humerus. No tenderness at the sternoclavicular or acromioclavicular joints. Good hand grip bilaterally.

RESULTS

X-ray imaging of the left shoulder was performed and reviewed in office today. These reveal no fracture or bony abnormality.

ASSESSMENT

Left shoulder pain.

PLAN

After reviewing the patient's examination and radiographic findings today, I believe this is most likely due to rotator cuff tendinopathy. We discussed the nature of this condition in detail, and I have ordered an MRI for further evaluation. I'm going to put in a referral for 6 to 8 weeks of physical therapy, during which time she should continue with Tylenol as-needed. If her symptoms do not improve, we can consider administering a steroid injection.

INSTRUCTIONS

The patient will follow up in 2 weeks."
"CHIEF COMPLAINT

Right knee pain.

MEDICAL HISTORY

Patient reports history of hypertension and diabetes.

MEDICATIONS

Patient reports taking Norvasc 5 mg daily.
Patient reports taking Metformin 500 mg daily.

REVIEW OF SYSTEMS

Musculoskeletal: Reports right knee pain.

PHYSICAL EXAM

Respiratory
- Auscultation of Lungs: Clear bilaterally.

Cardiovascular
- Auscultation of Heart: Grade 2 out of systolic ejection murmur.

Musculoskeletal
- Examination of Right Knee: Pain to palpation of the medial aspect of the right knee. Some edema, swelling, and ecchymosis. Negative varus and valgus test. Some redness.

RESULTS

X-ray of the right knee is normal.

ASSESSMENT AND PLAN

1. Right knee pain.
- Medical Reasoning: The patient was playing basketball and felt a pop in his knee. He has pain to palpation of the medial aspect of the right knee. He has some edema, swelling, and ecchymosis. Negative varus and valgus test. Some redness.
- Patient Education and Counseling: I explained to the patient that his x-ray was normal and that he twisted his knee when he was playing basketball. I advised him to continue taking Tylenol for pain and swelling. I also prescribed him Meloxicam 15 mg for pain and swelling. I advised him to stay off of his right leg for the next couple of weeks. I advised him to continue taking his blood sugars daily.
- Medical Treatment: I will order an MRI of the right knee.

2. Hypertension.
- Medical Reasoning: His blood pressure is elevated at 140/80.
- Patient Education and Counseling: I advised him to eat a better diet.
- Medical Treatment: I will up his Norvasc 5 mg to help lower his blood pressure.

3. Diabetes.
- Medical Reasoning: His A1c is elevated at 7.2.
- Patient Education and Counseling: I advised him to eat a better diet.
- Medical Treatment: I will need him to start taking his blood sugars daily. I will also give him a consult to nutrition to try to get his diet a little bit better.

Patient Agreements: The patient understands and agrees with the recommended medical treatment plan.

INSTRUCTIONS

The patient will follow up in 2 weeks.","CHIEF COMPLAINT

Right knee pain

HISTORY OF PRESENT ILLNESS

Matthew Allen is a pleasant 40-year-old male who presents to the clinic today for the evaluation of right knee pain. The onset of his pain began yesterday after he went up for a rebound while playing basketball and felt a pop in his knee. He states that he experienced swelling and difficulty with ambulation following this incident. He locates his pain today to the medial aspect of his knee. His pain is described as aching and is rated at 4 out of 10. In terms of his swelling, he states that this has improved some. He is also able to weight-bear, but he finds that he is favoring his left leg while doing so. His tried treatments include Tylenol with some relief as well as rest.

The patient has a history of hypertension and diabetes. He reports that he does not check is blood pressure at home very often, but he typically runs 140 to 150 range over 80. He is taking 5 mg of Norvasc daily. In terms of his diet, he states that he enjoys eating whatever he likes. His most recent A1C was 7.2. He is taking metformin 500 mg daily, however there are days where he skips this because of gastrointestinal upset. He denies checking his blood sugar at home consistently and that when he does check he has been around 150.

MEDICAL HISTORY

Patient reports history of hypertension and diabetes.

SOCIAL HISTORY

Patient reports playing basketball, however this most recent event was the first time he played in 2 years.

MEDICATIONS

Patient reports he is taking Norvasc 5 mg daily, metformin 500 mg daily, and Tylenol.

REVIEW OF SYSTEMS

Musculoskeletal: Reports right knee pain and swelling.

VITALS

Blood pressure is 140/80 today.

PHYSICAL EXAM

CV: Grade 2/6 systolic ejection murmur.
RESPIRATORY: Normal respiratory effort no respiratory distress
MSK: Examination of the right knee: Pain with palpation over the medial aspect. Mild pain with flexion and extension. Edema, swelling, and ecchymosis noted. Mild redness. Negative varus and valgus stress test with firm endpoint.

RESULTS

4 views of the right knee were taken. These reveal no evidence of any fractures or dislocations. No other abnormalities are noted.

ASSESSMENT

Right knee MCL strain.
Diabetes.
Hypertension.

PLAN

After reviewing the patient's examination and radiographic findings today, I had a lengthy discussion with the patient in regards to his current symptoms. I have recommended that we obtain an MRI of the right knee to further evaluate for a possible MCL tear. In the meantime, he will continue with Tylenol for pain relief. I have also prescribed him meloxicam 15 mg for pain and swelling. He will be placed into a knee immobilizer and has been advised to remain non weight-bearing for the next couple of weeks.

In terms of his diabetes, he was advised to start logging his blood sugars daily and to avoid eating large amounts of strawberries. He will also be provided with a referral for a consult with a nutritionist.

For his hypertension, we are going to increase his Norvasc to 5 mg daily as his blood pressures have been elevated. We discussed our goal is for him to get closer to the 120/80 range.

INSTRUCTIONS

The patient will follow up with me in 2 weeks to review his MRI results."
"CHIEF COMPLAINT

Hypertension follow-up.

MEDICAL HISTORY

Patient reports a history of hypertension, hyperlipidemia, and osteoarthritis.

SOCIAL HISTORY

Patient reports he is a golfer.

MEDICATIONS

Patient reports he is taking lisinopril 20 mg twice daily. Patient reports he is taking atorvastatin. Patient reports he is taking tylenol for osteoarthritis pain.

REVIEW OF SYSTEMS

Constitutional: Denies fever.
Gastrointestinal: Denies nausea, vomiting, or diarrhea.
Cardiovascular: Denies chest pain or palpitations.
Respiratory: Denies shortness of breath.
Neurological: Reports lightheadedness and occasional headaches.

PHYSICAL EXAM

Cardiovascular
- Grade 3/6 systolic ejection murmur unchanged from prior.

Respiratory
- Mild bibasilar rales. No wheezes or rhonchi. Excellent air movement.

Musculoskeletal
- Trace lower extremity edema bilaterally.

ASSESSMENT AND PLAN

1. Hypertension.
- Medical Reasoning: The patient's blood pressure has been fluctuating over the last 3 to 4 weeks.
- Patient Education and Counseling: I advised the patient that his blood pressure is a little bit out of control and we need to make some adjustments. I advised the patient that he should continue to stay well hydrated and that he should have 6 to 8 glasses of water per day. I advised the patient that he should not have more than 2 drinks a week.
- Medical Treatment: I am going to increase his lisinopril to 60 mg twice per day and add 25 mg per day of hydrochlorothiazide.

2. Hyperlipidemia.
- Medical Reasoning: The patient is currently doing well on atorvastatin.
- Patient Education and Counseling: I advised the patient that he should continue to stay active as best he can do.
- Medical Treatment: Continue atorvastatin.

3. Osteoarthritis.
- Medical Reasoning: The patient is currently doing well on tylenol for pain and changing his activity as needed.
- Patient Education and Counseling: I advised the patient that he should continue to stay active as best he can do.
- Medical Treatment: Continue tylenol for pain.

Patient Agreements: The patient understands and agrees with the recommended medical treatment plan.

INSTRUCTIONS

The patient will follow up in 2 weeks.","CHIEF COMPLAINT

Elevated and fluctuating blood pressures.

MEDICAL HISTORY

Patient reports history of essential hypertension, hyperlipidemia, and osteoarthritis.

SOCIAL HISTORY

Patient reports he enjoys playing golf.

MEDICATIONS

Patient reports he is taking lisinopril 20 mg twice per day, atorvastatin, and occasional Tylenol.

REVIEW OF SYSTEMS

Constitutional: Denies fever.
Cardiovascular: Reports heaviness in chest. Denies heart palpitations or syncope.
Respiratory: Denies dyspnea.
Gastrointestinal: Denies nausea, vomiting, or diarrhea.
Neurological: Reports headache and lightheadedness. Denies syncope.

PHYSICAL EXAM

Respiratory
- Auscultation of Lungs: Mild bibasilar rales, but no wheezes or rhonchi. Excellent air movement.

Cardiovascular
- Auscultation of Heart: Grade 3 out of 6 systolic ejection murmur, unchanged from prior.

Musculoskeletal
- Examination: Trace lower extremity edema bilaterally.

ASSESSMENT AND PLAN

1. Elevated blood pressure.
- Medical Reasoning: I do think his blood pressure is uncontrolled and we need to make some adjustments to his medication.
- Patient Education and Counseling: The patient and I discussed that he should stay well hydrated during warm weather. I explained he loses more fluid when perspiring and will need to increase his fluid intake as needed. We discussed that drinking 6 to 8 standard glasses of water per day is an adequate amount. He may want to increase that amount if he is feeling particularly dehydrated or as he increases his activity level. I cautioned him from drinking more than 2 alcoholic beverages a week.
- Medical Treatment: I am going to increase his lisinopril to 60 mg twice per day. Prescription for 25 mg per day of hydrochlorothiazide provided as well. He will check his blood pressure twice a day for the next 2 weeks.

2. Hyperlipidemia.
- Medical Reasoning: Stable.
- Medical Treatment: I will order a cholesterol panel, CBC with differential, and comprehensive metabolic panel. We will also obtain an urinalysis to assess his kidney function as well. He will continue the current management with his atorvastatin.

3. Osteoarthritis.
- Medical Reasoning: Stable.
- Patient Education and Counseling: I encouraged the patient to continue to stay as active as he can without overdoing it. We discussed that walking and golfing are great activities for him to engage in.
- Medical Treatment: He can take Tylenol for any mild pain.

Patient Agreements: The patient understands and agrees with the recommended medical treatment plan.

INSTRUCTIONS

The patient will follow up with me in 2 weeks."
"CHIEF COMPLAINT

Headache.

HISTORY OF PRESENT ILLNESS

Donna is a 37-year-old female who presents to the clinic today for the evaluation of headaches. The patient has a history of hypertension and diabetes. She states that she has been having headaches lately, but they have been getting worse. She has noticed that her blood pressure has been running high. She states that her blood pressure was 160/87 and 175/92. She has been taking her lisinopril 20 mg once a day. She states that she has been taking Tylenol for her headaches, but they do not seem to be working. She denies any other symptoms.

The patient states that she has been checking her blood sugar levels. She states that her blood sugar levels have been running between 120 and 100. She denies any other symptoms.

The patient states that she has not had headaches like this before. She denies any congestion, runny nose, or cough.

REVIEW OF SYSTEMS

• Neurological: Endorses headaches.
• Respiratory: Denies cough, runny nose, or congestion.

PHYSICAL EXAM

• Neck: No lymphadenopathy.
• Head: No tenderness to palpation of the frontal sinuses. No tenderness to palpation of the maxillary sinuses.

ASSESSMENT AND PLAN

Donna is a 37-year-old female who presents to the clinic today for the evaluation of headaches. She has a history of hypertension and diabetes.

Headache.
• Medical Reasoning: The patient is experiencing headaches. She has a history of hypertension and diabetes.
• Additional Testing: We will order some laboratory tests.
• Medical Treatment: She can continue taking Tylenol for her headaches. She will continue taking her lisinopril 20 mg once a day.

Hypertension.
• Medical Reasoning: The patient is experiencing high blood pressure.
• Medical Treatment: We will increase her lisinopril to 40 mg once a day.

Diabetes.
• Medical Reasoning: The patient is experiencing high blood sugar levels.
• Medical Treatment: We will provide her with some diabetic education.

Patient Agreements: The patient understands and agrees with the recommended medical treatment plan.

INSTRUCTIONS

The patient will follow up with me or Dr. Ruth in the office to review her blood work.","CHIEF COMPLAINT

Headache.

MEDICAL HISTORY

Patient reports history of hypertension and diabetes. She has migraines rarely every 1 to 2 years.

SOCIAL HISTORY

Patient reports she walks for exercise.

ALLERGIES

Patient reports history of seasonal allergies.

MEDICATIONS

Patient reports taking lisinopril 20 mg once a day and Tylenol.

REVIEW OF SYSTEMS

HENT: Denies congestion or runny nose.
Respiratory: Denies cough.
Genitourinary: Denies polyuria.
Neurological: Reports headaches.

PHYSICAL EXAM

Head and Face
- No frontal or maxillary sinus tenderness.

Neck
- General Examination: Neck is supple without lymphadenopathy.

Hematology/Lymphatic/Immunology
- Palpation: No enlarged lymph nodes.

ASSESSMENT AND PLAN

1. Hypertension with headaches.
- Medical Reasoning: Patient presents today with complaints of increasing headaches and elevated blood pressure readings at home.
- Patient Education and Counseling: We discussed it is safe for her to exercise and she has been encouraged to continue her walking program.
- Medical Treatment: Patient will continue to take Tylenol for pain management. Her lisinopril was increased to 40 mg once a day. Routine blood work was ordered for further evaluation. She will also continue monitoring her blood pressure at home.

2. Diabetes.
- Medical Reasoning: Patient has been experiencing slightly elevated glucose levels with her home monitoring.
- Patient Education and Counseling: She was provided with diabetic education which she will review.
- Medical Treatment: Hemoglobin A1c was ordered.

Patient Agreements: The patient understands and agrees with the recommended medical treatment plan.

INSTRUCTIONS

Patient will return for follow-up to see myself or Dr. Ruth to review her lab work and further treatment plan to get her blood pressure under control."
"CHIEF COMPLAINT

Back pain.

HISTORY OF PRESENT ILLNESS

Michael is a 17-year-old male who presents to the clinic today for the evaluation of back pain. The patient reports that he has been experiencing left-sided back pain for several months. He describes the pain as sharp at times and moving at other times. He denies any pain at rest.

The patient's primary care physician (PCP) was concerned with the symptoms and ordered a CT scan. The patient was referred to the emergency department for further evaluation.

The patient reports that he has been drinking more water and experiencing increased urinary frequency and nocturia. He denies any changes in his appetite.

The patient reports that he has been experiencing recurrent sore throats and fever. He states that he has had four infections in the last five months.

The patient reports that he has been riding his bike for exercise.

The patient reports that he is doing well in school and is getting good grades.

The patient reports that he has been experiencing a lot of illness at home. His siblings are sick, but he is healthy. His brother smokes.

The patient reports that he has a history of recurrent strep infections.

The patient reports that he is changing jobs. He is currently unemployed and does not have insurance. He is hoping to get a new job soon.

REVIEW OF SYSTEMS

• Constitutional: Denies fatigue.
• Gastrointestinal: Denies changes in appetite.
• Genitourinary: Reports increased urinary frequency and nocturia.
• Musculoskeletal: Reports left-sided back pain.

PHYSICAL EXAM

• Neck: No lymphadenopathy.
• Respiratory: No wheezes, rales, or rhonchi.
• Cardiovascular: No murmurs, rubs, or gallops.
• Musculoskeletal: No tenderness on palpation of the back. No rebound or guarding in the abdomen.

ASSESSMENT AND PLAN

1. Back pain.
• Medical Reasoning: The patient is experiencing left-sided back pain.
• Medical Treatment: I will refer the patient to an ENT for further evaluation.

2. Recurrent strep infections.
• Medical Reasoning: The patient has had four infections in the last five months.
• Medical Treatment: I will refer the patient to an ENT for further evaluation.

3. Glomerulonephritis.
• Medical Reasoning: The patient is experiencing recurrent infections.
• Medical Treatment: I will order several labs including a lipid panel, UA, CMP, CBC, vitamin D, and TSH.

Patient Agreements: The patient understands and agrees with the recommended medical treatment plan.

INSTRUCTIONS

The patient will follow up in one week to review his lab results.","CHIEF COMPLAINT

Back pain.

MEDICAL HISTORY

Patient reports that he has a frequent history of strep throat with 4 episodes within the last 5 months.

SOCIAL HISTORY

Patient reports that he is a student. He also mentions that he rides his bike every so often and that he is in the process of switching jobs. His new job will be at a restaurant.

FAMILY HISTORY

Patient reports that his siblings are mostly healthy. He does have a brother who smokes while at home.

REVIEW OF SYSTEMS

Constitutional: Denies fatigue or change in appetite.
Genitourinary: Reports increased urine output.
Musculoskeletal: Reports left-side back pain.
Endocrine: Reports increased water consumption

PHYSICAL EXAM

Ears, Nose, Mouth, and Throat
- Examination of Mouth: Normal.
- Examination of Throat: Pharynx without erythema, swelling, or exudate. Tonsils are midline.

Neck
- General Examination: Neck is supple without lymphadenopathy. No cervical adenopathy.

Respiratory
- Auscultation of Lungs: No wheezes, rales, or rhonchi.

Cardiovascular
- Auscultation of Heart: No murmurs, gallops or rubs.

Gastrointestinal
- Examination of Abdomen: No tenderness. No rebound or guarding.

Musculoskeletal
- Examination: No back tenderness with palpation.

Hematology/Lymphatic/Immunology
- Palpation: No enlarged lymph nodes.

RESULTS

Previous CT scan is reviewed and demonstrates evidence of swelling potentially related to glomerulonephritis.

ASSESSMENT AND PLAN

Glomerulonephritis.
- Medical Reasoning: The patient presents today with a complaint of back pain, although this was not present on exam today with palpation. He also has a history of recurrent strep throat and a recent CT scan with concerns of possible glomerulonephritis.
- Patient Education and Counseling: The patient was recommended to watch his salt intake.
- Medical Treatment: We will refer him to an ENT for further evaluation and treatment. We will also order a lipid panel, UA, CMP, CBC, vitamin D, and a TSH. A work note was provided today as well.

Patient Agreements: The patient understands and agrees with the recommended medical treatment plan.

INSTRUCTIONS

He will follow up in 1 week via telehealth, however if the results are abnormal this will need to be an in-person visit."
"CHIEF COMPLAINT

Cough.

MEDICAL HISTORY

Patient reports history of hypertension.

SOCIAL HISTORY

Patient reports being a teacher.

MEDICATIONS

Patient reports taking lisinopril 20 mg daily.

REVIEW OF SYSTEMS

Constitutional: Reports feeling warm but denies fever and chills.
Respiratory: Reports cough and congestion. Denies shortness of breath.
Neurological: Reports sinus pain and pressure.

VITALS

Temperature: 98.4 F.
Blood pressure: 125/62 mmHg.
Heart rate: 80 bpm.
Oxygen saturation: 97% on room air.

PHYSICAL EXAM

Neck
- General Examination: Bilateral cervical lymphadenopathy.
- Nasal: Erythema and edema of the nasal turbinates bilaterally with associated yellow discharge.
- Palpation: Pain to palpation of the bilateral maxillary sinuses.

Respiratory
- Auscultation of Lungs: Coarse rhonchi present bilaterally that clears with cough.

Cardiovascular
- Auscultation of Heart: Regular rate and rhythm. No murmurs.

Musculoskeletal
- Examination: Pain to palpation on the right knee. Decreased flexion and extension of the right knee. Associated ecchymosis to the right medial knee. No evidence of effusion.

RESULTS

No results discussed.

ASSESSMENT AND PLAN

1. Cough.
- Medical Reasoning: I believe that you just have a viral syndrome at this time. You probably have some mild bronchitis.
- Patient Education and Counseling: I really just wan na go ahead and just you know recommend some supportive care. We can continue to take over the counter medications. We can prescribe guaifenesin 600 mg twice a day to help cough up some of that phlegm. I really do n't think you need need any antibiotics at this time but certainly if your symptoms worsen I want you to call me and then we can go ahead and consider ordering a chest x-ray to make sure that you do n't have any pneumonia.
- Medical Treatment: I really do n't think you need need any antibiotics at this time but certainly if your symptoms worsen I want you to call me and then we can go ahead and consider ordering a chest x-ray to make sure that you do n't have any pneumonia.

2. Right knee pain.
- Medical Reasoning: I do believe you have a a a right medial collateral ligament strain from the fall this morning.
- Patient Education and Counseling: I really wan na just go ahead and and i'll prescribe some meloxicam 15 mg once a day and we can refer you to physical therapy to help strengthen those muscles around that area and i'm gon na go ahead and just order a right knee x-ray just to make sure that you did n't injure any bones although i do n't think you did but we'll just go ahead and order that right knee x-ray.
- Medical Treatment: I really wan na just go ahead and and i'll prescribe some meloxicam 15 mg once a day and we can refer you to physical therapy to help strengthen those muscles around that area and i'm gon na go ahead and just order a right knee x-ray just to make sure that you did n't injure any bones although i do n't think you did but we'll just go ahead and order that right knee x-ray.

3. Hypertension.
- Medical Reasoning: Let's just continue on the lisinopril 20 mg a day.
- Patient Education and Counseling: I wan na go ahead and order a lipid panel to make sure everything is okay from that standpoint.
- Medical Treatment: I wan na go ahead and order a lipid panel to make sure everything is okay from that standpoint.

4. Diabetes.
- Medical Reasoning: I wan na go ahead and order a hemoglobin A1c just to make sure we do n't have to make any adjustments to your metformin.
- Patient Education and Counseling: I really want you to try to monitor your sugar intake and report your blood sugars to me through the patient portal.
- Medical Treatment: I wan na go ahead and order a hemoglobin A1c just to make sure we do n't have to make any adjustments to your metformin.

Patient Agreements: The patient understands and agrees with the recommended medical treatment plan.","CHIEF COMPLAINT

Cough.

MEDICAL HISTORY

Patient reports history of hypertension and diabetes.

SOCIAL HISTORY

Patient reports that he is a teacher.

MEDICATIONS

Patient reports taking lisinopril 20 mg daily and metformin 1000 mg twice a day.

REVIEW OF SYSTEMS

Constitutional: Reports ""feeling warm"". Denies chills.
HENT: Reports nasal congestion, sore throat, and sinus pressure.
Respiratory: Reports productive cough with yellow sputum. Denies dyspnea.
Musculoskeletal: Reports body aches and right knee pain. Denies right knee instability.

VITALS

Temperature is 98.4 today.
BP: 125/62.
Heart rate is nice and slow in the 80s.
SpO2 is 97% on room air.

PHYSICAL EXAM

Head and Face
- Examination: Pain to palpation to the bilateral maxillary sinuses.

Ears, Nose, Mouth, and Throat
- Examination of Nose: Erythema and edema of the nasal turbinates bilaterally with associated yellow discharge.
- Examination of Throat: Uvula is midline. Pharynx without erythema, swelling, or exudate in the peritonsillar space.

Neck
- General Examination: Bilateral cervical lymphadenopathy noted.

Respiratory
- Auscultation of Lungs: Coarse rhonchi present bilaterally that clears with cough.

Cardiovascular
- Auscultation of Heart: Regular rate and rhythm. No murmurs.

Gastrointestinal
- Examination of Abdomen: No masses or tenderness.
- Auscultation: Bowel sounds normal in all 4 quadrants.

Musculoskeletal
- Examination of the right knee: Pain to palpation. Decreased flexion and extension. Ecchymosis present medially. No evidence of an effusion.

ASSESSMENT AND PLAN

1. Cough.
- Medical Reasoning: The patient presents with a cough likely due to a viral syndrome such as mild bronchitis.
- Patient Education and Counseling: We discussed that antibiotics are not needed at this time, however, if his symptoms worsen we will consider a chest x-ray. - Medical Treatment: Continue over-the-counter medications. I will prescribe guaifenesin 600 mg twice a day.

2. Right knee pain.
- Medical Reasoning: The patient's physical exam is consistent with a right medial lateral ligament strain.
- Patient Education and Counseling: We discussed physical therapy will be beneficial for strengthening the right knee.
- Medical Treatment: Prescription for meloxicam 15 mg once a day provided. Referral to physical therapy provided. Right knee x-ray ordered.

3. Hypertension.
- Medical Reasoning: The patient's blood pressure in office today looked great and appears stable at this time.
- Medical Treatment: Continue lisinopril 20 mg once a day. I will order a lipid panel.

4. Diabetes.
- Medical Reasoning: The patient does not check his blood sugar at home and admits to not watching his diet.
- Patient Education and Counseling: We discussed the importance of diet as there can be complications with diabetes such as kidney dysfunction and eye problems that we want to avoid. He was also advised of the importance of blood sugar monitoring.
- Medical Treatment: Hemoglobin A1c ordered. Continue metformin as prescribed. Start blood sugar monitoring and report levels through patient portal.

Patient Agreements: The patient understands and agrees with the recommended medical treatment plan.

INSTRUCTIONS

We will contact the patient with his lab results when ready."
"CHIEF COMPLAINT

Hypertension and headache.

HISTORY OF PRESENT ILLNESS

Theresa is a pleasant 54-year-old female who presents to the clinic today for the evaluation of hypertension and headaches. The patient states that she has been experiencing headaches for about a month. She describes the headaches as throbbing and located on the top of her head. She notes that the headaches are intermittent and are relieved by Tylenol. She also reports occasional dizziness and blurry vision. She has been taking Tylenol for the headaches and notes that it helps.

The patient has a history of hypertension and is prescribed chlorthalidone. She admits that she has been inconsistent with her medication regimen, taking it every other day. She also has a history of diabetes and is prescribed metformin. She admits that she has been inconsistent with her medication regimen, taking it every other day.

The patient admits that she eats a lot of fast food, specifically McDonald's, and she loves the fish.

REVIEW OF SYSTEMS

• Cardiovascular: Positive for hypertension and headaches. Denies chest pain and shortness of breath.
• Neurological: Positive for headaches, dizziness, and blurry vision.
• Gastrointestinal: Denies nausea and vomiting.

PHYSICAL EXAM

• Vitals: Blood pressure 172/98. Heart rate is within normal limits. Oxygenation is fine.
• Neck: No jugular venous distention. No carotid bruits.
• Respiratory: Lungs are clear bilaterally.
• Cardiovascular: 2/6 systolic ejection murmur.
• Musculoskeletal: 1+ pitting edema noted in the bilateral upper extremities. 1+ pitting edema noted in the bilateral lower extremities.

ASSESSMENT AND PLAN

1. Uncontrolled hypertension.
• Medical Reasoning: The patient's blood pressure is elevated at 172/98. She has a history of hypertension but has been inconsistent with her medication regimen.
• Medical Treatment: Continue current medication regimen. I will encourage the patient to take her medication every day. We will also monitor her blood pressure three times a week.
• Referrals: I will recommend a nutritionist to help the patient with dietary changes.

2. Diabetes.
• Medical Reasoning: The patient's blood glucose is elevated at 170.
• Medical Treatment: Increase metformin to 1500 mg daily.
• Referrals: I will recommend a nutritionist to help the patient with dietary changes.

Patient Agreements: The patient understands and agrees with the recommended medical treatment plan.

INSTRUCTIONS

The patient will follow up in one month to check on her blood pressure and overall progress.","CHIEF COMPLAINT

Headache and high blood pressure.

REVIEW OF SYSTEMS

Respiratory: Denies shortness of breath.
Cardiovascular: Denies chest pain.
Neurological: Reports blurry vision, dizziness, and headaches.

VITALS

Blood pressure today was 172/98. Oxygenation is within normal limits.

PHYSICAL EXAM

Neck
- General Examination: No jugular venous distention. No carotid bruits.

Respiratory
- Auscultation of Lungs: Clear bilaterally.

Cardiovascular
- Auscultation of Heart: Regular rate. Slight 2/6 systolic ejection murmur, unchanged from last year.

Musculoskeletal
- Examination: Slight edema to bilateral upper extremities. 1+ pitting edema noted in the bilateral lower extremities.

ASSESSMENT AND PLAN

1. Hypertension, uncontrolled.
- Medical Reasoning: The patient's blood pressure is is elevated.
- Patient Education and Counseling: We discussed that this could be multifactorial; for example, her diet, her medications regimen, or the medication she is currently on could be a factor in her elevated blood pressure. I encouraged the patient to take her current medication regimen today. I encouraged her to monitor her blood pressure 3 times a week. We also discussed the patient speaking to our nutritionist to help her diet. I recommended a DASH diet.
- Medical Treatment: She will continue her current medication regimen.

2. Type 2 diabetes.
- Medical Reasoning: The patient's diabetes is uncontrolled.
- Patient Education and Counseling: I advised the patient to continue taking her blood sugars to make sure that the change in medication is effective.
- Medical Treatment: Increase metformin to 1500 mg.

Patient Agreements: The patient understands and agrees with the recommended medical treatment plan.

INSTRUCTIONS

The patient will follow up in 4 weeks."
"CHIEF COMPLAINT

Chronic lumbar back pain.

HISTORY OF PRESENT ILLNESS

Mr. Steven is a pleasant 54-year-old male who presents to the clinic today for the evaluation of chronic lumbar back pain. The patient reports that his back pain began approximately two years ago after he fell while playing basketball. He states that he hit his back and has been experiencing pain ever since. He describes the pain as sharp and throbbing. He reports that the pain radiates down his left leg to his toes. He also reports numbness in the left lower extremity. He has tried physical therapy and injections in the past, but he does not feel that they were effective. He has also gained approximately 80 pounds in the past year.

The patient reports that he is a sedentary individual who spends most of his time watching television. He denies any history of smoking. He denies any history of alcohol abuse. He denies any history of drug abuse. He denies any history of trauma. He denies any history of cancer. He denies any history of diabetes. He denies any history of heart disease. He denies any history of hypertension. He denies any history of thyroid problems. He denies any history of mental health problems.

The patient reports that he has a cousin who has scoliosis. He denies any family history of cancer. He denies any family history of heart disease. He denies any family history of hypertension. He denies any family history of thyroid problems. He denies any family history of mental health problems.

The patient reports that he is not a smoker. He denies any history of smoking. He denies any history of alcohol abuse. He denies any history of drug abuse.

PAST HISTORY

The patient reports that he has had physical therapy in the past. He reports that he has had injections in the past.

CURRENT MEDICATIONS

The patient reports that he is not on any medications at this time.

REVIEW OF SYSTEMS

Musculoskeletal: Reports chronic back pain.
Neurological: Reports numbness in the left lower extremity.

PHYSICAL EXAM

Vitals: Blood pressure is 120/80 mmHg. Heart rate is 72 beats per minute. Respiratory rate is 16 breaths per minute.

Cardiovascular
- Regular rate and rhythm. No murmurs.

Musculoskeletal
- Examination of the back: Midline tenderness on the L4-L5 disc space with right-sided lumbar paravertebral tenderness when bending forward. Pain with lumbar flexion and extension.
- Straight leg test: Positive.

Neurological
- Decreased sensation to light touch at the right lateral thigh at the L4 dermatome. Patellar and Achilles reflexes are symmetrical.

RESULTS

MRI of the lumbar spine reveals a disc desiccation, a disc bulge with paracentral disc herniation resulting in moderate right for neural foraminal stenosis.

ASSESSMENT

Chronic lumbar back pain.

PLAN

After reviewing the patient's examination and MRI findings today, I have had a lengthy discussion with the patient in regards to his current symptoms. I have explained to him that his MRI is consistent with a herniated disc at the L4-L5 with radiculopathy. I have recommended that we proceed with a spinal injection with a corticosteroid. The patient is in agreement with this plan.

INSTRUCTIONS

The patient will follow up with me in the office in 1 week.","CHIEF COMPLAINT

Back pain.

HISTORY OF PRESENT ILLNESS

Steven Reed is a pleasant 60-year-old male who presents to the clinic today for evaluation of back pain. The onset of his pain began 2 years ago after he fell and landed onto his back while playing basketball. His pain is rated at 7 out of 10 and is described a sharp with occasional throbbing. At times his pain will radiate down his left lower extremity. He also reports experiencing intermittent numbness in his toes. Prolonged standing exacerbates his pain and makes him feel weak. He is able to get some pain relief when laying on his side. In terms of his bowel and bladder habits, he reports 1 episode of incontinence over the last 2 years which he believes was due to prolonged standing and possible alcohol consumption. He other denies any other changes and denies loss of sensation in the genital or rectal area. He has tried an injection in the past, but notes that he does not like needles and had to be held down. Pain medication was tried but he is unable to recall the name of the medication. He also attended physical therapy with minimal relief. Currently he states that he is not very active and tends to watch tv all day. He has gained 80 lbs over the last year.

SOCIAL HISTORY

Patient reports previously playing basketball, but he is now not very active and sits at home all day. He has a history of smoking, but denies smoking currently.

FAMILY HISTORY

Patient reports his 4th cousin has scoliosis.

REVIEW OF SYSTEMS

Genitourinary: Denies bowel or bladder changes.
Musculoskeletal: Reports back pain.

VITALS

Oxygen saturation is in 95 percentile range.

PHYSICAL EXAM

CV: Regular rate and rhythm. No Murmur.
NEURO: Decreased sensation to light touch at the right lateral thigh at the L4 dermatome. Patella and Achilles reflexes are symmetrical.
MSK: Examination of the lumbar spine: No overlying erythema or ecchymosis. Midline tenderness along the L4-5 disc space with right-sided lumbar paravertebral tenderness. Pain with lumbar flexion and extension. Positive supine straight leg raise.

RESULTS

The MRI of the lumbar spine was reviewed. This shows evidence of disc desiccation and a disc bulge with a paracentral disc herniation resulting in moderate right neural foraminal stenosis.

ASSESSMENT

Chronic lumbar back pain.

PLAN

After reviewing the patient's examination and MRI findings today, I explained to the patient that he has a herniated disc at L4-5 with radiculopathy. We discussed the nature of the diagnosis as well as treatment options. I have recommended that we start with a spinal corticosteroid injection under fluoroscopy. The nature of the procedure was discussed. A prescription was given today to help with his anxiety during the injection as he states he does not tolerate needles. We also had a long discussion regarding pain medication. I advised him that we can do up to 4 injections per year and that we need to hold off on proceeding with pain medication until we assess his progress. I also explained to him that pain medication is not a long term solution and that if he remains symptomatic, it is possible surgery would be recommended.

INSTRUCTIONS

The patient will return for follow-up after to assess his progress after his spinal injection."
"CHIEF COMPLAINT

Right shoulder pain.

HISTORY OF PRESENT ILLNESS

Sharon is a pleasant 54-year-old female who presents to the clinic today for the evaluation of right shoulder pain. The onset of her pain began approximately 3 weeks ago when she was remodeling her home and fell while reaching up on a ladder. She was able to get up and continue working but had some pain. She was able to ice the area and take Advil for pain. She denies any previous shoulder pain. She is currently able to move her right arm but has pain lifting overhead. She rates her pain as a 6/10 without any medication. She rates her pain as a 4/10 with medication. She denies any numbness or tingling in her arm or hand.

REVIEW OF SYSTEMS

Musculoskeletal: Reports right shoulder pain.
Neurological: Denies numbness or tingling in the right arm or hand.

PHYSICAL EXAM

Vitals: Within normal limits.
Musculoskeletal: Examination of the right shoulder reveals limited active and passive range of motion. There is tenderness to the greater tuberosity of the humerus. There is no tenderness at the sternoclavicular joint. There are good strong bilateral hand grips. Neurovascularly, there is brisk capillary refill of less than 3 seconds. There is equal and bilateral response to sensation and touch.

RESULTS

X-ray of the right shoulder reveals no fracture or bony abnormality.

ASSESSMENT

Right shoulder pain.

PLAN

After reviewing the patient's examination and radiographic findings today, I have had a lengthy discussion with the patient in regards to her current symptoms. I have explained to her that her symptoms are most likely due to rotator cuff tendinopathy. I have recommended that we obtain an MRI of the right shoulder to rule out any other pathology. I have also referred her to physical therapy for 6 to 8 weeks. She will follow up with me in 2 weeks for reevaluation.

INSTRUCTIONS

The patient will follow up with me in 2 weeks for reevaluation.","CHIEF COMPLAINT

Right shoulder pain.

HISTORY OF PRESENT ILLNESS

Sharon Wright is a pleasant 36-year-old female who presents to the clinic today for the evaluation of right shoulder pain. The onset of her pain began 3 weeks ago, when she was painting on a ladder when she reached out to catch herself because she fell. She states that she braced herself with her right arm. The patient reports that she was able to get up and continue painting. She states that she experienced numbness and tingling in her arm and hand when she initially injured her right shoulder, however this has resolved. She states that she iced her arm and took Advil for pain. The patient denies any previous shoulder pain. She reports constant pain with lifting her arm overhead. The patient rates her pain level as a 6 out of 10 without medication and a 4 out of 10 with medication.

REVIEW OF SYSTEMS

Musculoskeletal: Positive right shoulder pain.
Neurological: Denies numbness and tingling.

VITALS

Vitals look good today.

PHYSICAL EXAM

CV: Brisk capillary refill of less than 3 seconds.
NEURO: Normal strength and sensation. Neurovascularly intact distally. Equal bilateral response to sensation and touch.
MSK: Examination of the right shoulder reveals limited active and passive ROM. Tenderness over the greater tuberosity of the humerus. No tenderness over the sternoclavicular joint. Good strong bilateral hand grips.

RESULTS

X-ray of the right shoulder taken today reveals no fracture or bony abnormality.

ASSESSMENT

Right shoulder rotator cuff tendinopathy.

PLAN

After reviewing the patient's examination and radiographic findings today, I have had a lengthy discussion with the patient in regards to her current symptoms. I have explained to her that her symptoms are likely due to rotator cuff tendinopathy. I have recommended that we obtain an MRI of the right shoulder. I referred her to formal physical therapy to strengthen her right shoulder. She will continue to take Advil as needed for pain.

INSTRUCTIONS

The patient will follow up with me in 2 weeks for re-evaluation."
"CHIEF COMPLAINT

Vision changes.

HISTORY OF PRESENT ILLNESS

Matthew is a 64-year-old male who presents today for evaluation of vision changes. The patient reports that he has been experiencing blurry vision for the past 3 to 4 months. He describes difficulty adjusting to low light, such as when dining at a restaurant with dim lighting. He also reports that straight lines appear wavy when he looks at them, such as in the paneling of his office.

The patient is a smoker and has attempted to quit using hypnosis, lozenges, and chewing gum, but has been unable to maintain abstinence. He also has a history of hypertension.

REVIEW OF SYSTEMS

• Neurological: Endorses blurry vision and wavy lines.

PHYSICAL EXAM

Eyes
- Visual Acuity: Decreased.
- Ophthalmic Motility: Normal.
- Extraocular Movements: Full.
- Pupils: Normal.
- Fundoscopy:
- Right Eye: The retina is attached 360 degrees. No holes or tears noted. RPE changes in the fovea. There is a hemorrhage in the fovea.
- Left Eye: The retina is attached appropriately. No hemorrhage noted or subretinal fluid noted. RPE changes in the fovea.

RESULTS

Diagnostic testing reveals drusen deposits under the RPE. Subretinal fluid and accumulation of choroidal neovascular membrane can also be visualized. Fluorescein angiography reveals a focal area of leakage in the right eye, consistent with neurovascular age-related macular degeneration.

ASSESSMENT AND PLAN

1. Neovascular age-related macular degeneration.
- Medical Reasoning: The patient's symptoms of blurry vision and wavy lines, combined with the diagnostic findings of drusen, subretinal fluid, and a neurovascular membrane, are consistent with wet macular degeneration.
- Patient Education and Counseling: I discussed the nature of the disease and the treatment plan with the patient. I explained that the injections can slow the rate of vision decline and may prevent further loss.
- Medical Treatment: The patient will undergo a monthly injection of Lucent in the vitreous portion of the eye after the eye is numbed.

2. Hypertension.
- Medical Reasoning: The patient is not taking his blood pressure medication.
- Patient Education and Counseling: I advised the patient to take his medication as prescribed and to check his blood pressure on a regular basis.
- Medical Treatment: The patient will start taking his blood pressure medication today.

3. Tobacco use.
- Medical Reasoning: The patient is a smoker and has attempted to quit unsuccessfully.
- Patient Education and Counseling: I advised the patient to either cut back or quit smoking altogether.

Patient Agreements: The patient understands and agrees with the recommended medical treatment plan.","CHIEF COMPLAINT

Vision changes in the right eye.

MEDICAL HISTORY

Patient reports history of high blood pressure.

SOCIAL HISTORY

Patient reports he is smoking 1 pack of cigarettes daily.

REVIEW OF SYSTEMS

Eyes: Reports right eye vision changes.

PHYSICAL EXAM

Eyes
- Examination of the right eye: Posterior chamber intraocular lenses present bilaterally. Right eye cornea is clear without NVI and cup-disc ratio is 0.2. Fundus of right eye shows retina is intact 360 degrees without holes or tears noted, and RPE changes in fovea. Posterior segment shows drusen of the macula, retinal thickening, and presence of subretinal fluid and exudate accumulation. Positive hemorrhage
Examination of the left eye: Cornea is clear. No NVI. Cup-disc ration is 0.3. RPE changes in fovea. No hemorrhage noted or subretinal fluid noted. Retina is attached appropriately.

RESULTS

OTC:
Drusen deposits under the RPE. SRF accumulation and choroidal neovascular membrane can also be visualized.

Fluorescein angiography:
Reveals that the focal area of the leakage in the right eye is consistent with neovascular age related macular degeneration.

ASSESSMENT AND PLAN

1. Wet macular degeneration.
- Medical Reasoning: The diagnostic test and eye exams are consistent with neovascular age-related macular degeneration, also called wet macular degeneration.
- Patient Education and Counseling: I explained the nature of the diagnosis and that this is advanced to a stage that usually leads to more severe vision loss happening. We discussed this happens when those abnormal blood vessels start to grow beneath the retina leaking fluid and blood. Secondary to that, it creates a large blind spot in the center of his visual field. He was advised that this is the most common cause of severe vision loss. I explained the treatment plan at length. He understands he is going to be injected in the vitreous portion of the eye after we numb the eye, so he is not going to feel any pain. I advised injections given over time can slow the rate of the vision decline and maybe even stop it. However, I also have to let him know that there could be a situation where he may still note a small amount of vision loss, but this is his best chance of maintaining that vision for as long as he can. Additionally, patient was counseled on the importance of taking his blood pressure medication. Questions were invited and answered today.
- Medical Treatment: Lucentis injections once a month with his first being performed today.

Patient Agreements: The patient understands and agrees with the recommended medical treatment plan."
"CHIEF COMPLAINT

Right knee contusion.

HISTORY OF PRESENT ILLNESS

Joe is a pleasant 54-year-old male who presents to the clinic today for the evaluation of a right knee contusion.

The patient reports that he was skiing with some friends and he was going down it was snowing pretty hard and he could not really see as the two paths kind of came together and he dug into the snow and ended up basically doing a cartwheel but kinda like stopped halfway through and could feel a pop in his right knee and then pain right after that came about through the knee. He denies any previous injuries to his right knee. He was able to walk a little bit but it is definitely swollen and it is definitely painful. He has been taking Advil and icing his knee on and off.

REVIEW OF SYSTEMS

Musculoskeletal: Reports right knee pain and swelling.
Neurological: Reports right shoulder pain.

PHYSICAL EXAM

Vitals
- Temperature: 97.9 F
- Heart Rate: 64 bpm
- Respiratory Rate: 16
- Blood Pressure: 110/74 mmHg
- Oxygen Saturation: 98%

Musculoskeletal
- Examination of the right knee: There is edema and ecchymosis around the right knee. There is positive pain to palpation. Pain with flexion and extension. Full range of motion.

RESULTS

X-ray of the right knee: No fracture appreciated. No bony abnormalities.

ASSESSMENT

Right knee contusion.

PLAN

After reviewing the patient's examination and radiographic findings today, I have had a lengthy discussion with the patient in regards to his current symptoms. I have explained to him that his x-rays were unremarkable and that he has a right knee contusion. I have recommended that he rest his right knee and apply ice to the area two to three times a day for 20 minutes at a time. He will also take ibuprofen every 6 to 8 hours as needed. If his symptoms do not improve, we will consider physical therapy. I have also recommended that we obtain an x-ray of his right shoulder as well.

INSTRUCTIONS

The patient will follow up with me in the clinic in 2 weeks.","CHIEF COMPLAINT

Right knee injury.

HISTORY OF PRESENT ILLNESS

Joe Reed is a pleasant 42-year-old male who presents to the clinic today for the evaluation of a right knee injury. The patient sustained this injury when he was skiing with some friends. He states the front end of his skis dug into the snow and he ended up doing a cartwheel through the air until he stopped halfway and felt a pop with immediate pain in his right knee. The patient reports pain and swelling in his right knee since the injury. He has been able to ambulate although he notes difficulty due to swelling and pain. The patient has been taking Advil as well as icing and applying heat to his knee intermittently. He denies any previous knee injuries.

The patient also reports right shoulder pain and bruising. He states he landed on his right shoulder when he fell. He reports tenderness with raising his arm.

REVIEW OF SYSTEMS

Musculoskeletal: Right knee pain and swelling. Right shoulder pain and bruising.

VITALS

Blood Pressure: 110/74 mmHg.
Heart Rate: 64 beats per minute.
Respiratory Rate: 16 breaths per minute.
Oxygen Saturation: 98%
Body Temperature: 97.9 degrees F.

PHYSICAL EXAM

CV: Mild edema
MSK:
Examination of the right knee: Edema and ecchymosis surrounding the knee. Positive pain to palpation. Pain with flexion and extension. Full ROM.
Examination of the right shoulder: Mild bruising is present.

RESULTS

X-rays of the right knee were obtained and are reviewed today. No fracture is appreciated. No bony abnormalities are noted.

ASSESSMENT

1. Right knee contusion.
2. Right shoulder pain.

PLAN

After reviewing the patient's examination and radiographic findings today, I have discussed with the patient that his x-rays did not reveal any signs of a fracture. I have recommended that we treat the patient conservatively. I have advised him to rest his right knee and apply ice 2 to 3 times per day for 20 minutes at a time. He can take non-steroidal anti-inflammatory drugs such as ibuprofen every 6 to 8 hours as needed for pain. If his pain does not improve with the medication, he will return to the office and we will consider formal physical therapy.

With regards to his right shoulder, I have recommended that we obtain x-rays of the right shoulder as well.

INSTRUCTIONS

The patient will follow up with me on an as-needed basis."
"CHIEF COMPLAINT

Followup on stage 3 nonsmall cell lung cancer.

HISTORY OF PRESENT ILLNESS

Angela is a 62-year-old female who presents for a followup on her stage 3 nonsmall cell lung cancer. She is currently on a combination of cisplatin and a topicide. She had her last dose a few days ago. She is currently on radiation. She is experiencing shortness of breath and has been unable to walk down the street without being short of breath. She denies any fever. She has been having a dry cough with no phlegm. She denies any body aches or sore throat. She has been having painful swallowing. She is able to take in liquids and has been taking ensure and milkshakes. She denies any food getting stuck. She is on a combination of sysplatin and a topicide. She had her last dose a few days ago. She is currently on radiation. She is experiencing shortness of breath and has been unable to walk down the street without being short of breath. She denies any fever. She has been having a dry cough with no phlegm. She denies any body aches or sore throat. She has been having painful swallowing. She is able to take in liquids and has been taking ensure and milkshakes. She denies any food getting stuck. She is on a combination of sysplatin and a topicide. She had her last dose a few days ago. She is currently on radiation. She is experiencing shortness of breath and has been unable to walk down the street without being short of breath. She denies any fever. She has been having a dry cough with no phlegm. She denies any body aches or sore throat. She has been having painful swallowing. She is able to take in liquids and has been taking ensure and milkshakes. She denies any food getting stuck. She is on a combination of sysplatin and a topicide. She had her last dose a few days ago. She is currently on radiation. She is experiencing shortness of breath and has been unable to walk down the street without being short of breath. She denies any fever. She has been having a dry cough with no phlegm. She denies any body aches or sore throat. She has been having painful swallowing. She is able to take in liquids and has been taking ensure and milkshakes. She denies any food getting stuck. She is on a combination of sysplatin and a topicide. She had her last dose a few days ago. She is currently on radiation. She is experiencing shortness of breath and has been unable to walk down the street without being short of breath. She denies any fever. She has been having a dry cough with no phlegm. She denies any body aches or sore throat. She has been having painful swallowing. She is able to take in liquids and has been taking ensure and milkshakes. She denies any food getting stuck. She is on a combination of sysplatin and a topicide. She had her last dose a few days ago. She is currently on radiation. She is experiencing shortness of breath and has been unable to walk down the street without being short of breath. She denies any fever. She has been having a dry cough with no phlegm. She denies any body aches or sore throat. She has been having painful swallowing. She is able to take in liquids and has been taking ensure and milkshakes. She denies any food getting stuck. She is on a combination of sysplatin and a topicide. She had her last dose a few days ago. She is currently on radiation. She is experiencing shortness of breath and has been unable to walk down the street without being short of breath. She denies any fever. She has been having a dry cough with no phlegm. She denies any body aches or sore throat. She has been having painful swallowing. She is able to take in liquids and has been taking ensure and milkshakes. She denies any food getting stuck. She is on a combination of sysplatin and a topicide. She had her last dose a few days ago. She is currently on radiation. She is experiencing shortness of breath and has been unable to walk down the street without being short of breath. She denies any fever. She has been having a dry cough with no phlegm. She denies any body aches or sore throat. She has been having painful swallowing. She is able to take in liquids and has been taking ensure and milkshakes. She denies any food getting stuck. She is on a combination of sysplatin and a topicide. She had her last dose a few days ago. She is currently on radiation. She is experiencing shortness of breath and has been unable to walk down the street without being short of breath. She denies any fever. She has been having a dry cough with no phlegm. She denies any body aches or sore throat. She has been having painful swallowing. She is able to take in liquids and has been taking ensure and milkshakes. She denies any food getting stuck. She is on a combination of sysplatin and a topicide. She had her last dose a few days ago. She is currently on radiation. She is experiencing shortness of breath and has been unable to walk down the street without being short of breath. She denies any fever. She has been having a dry cough with no phlegm. She denies any body aches or sore throat. She has been having painful swallowing. She is able to take in liquids and has been taking ensure and milkshakes. She denies any food getting stuck. She is on a combination of sysplatin and a topicide. She had her last dose a few days ago. She is currently on radiation. She is experiencing shortness of breath and has been unable to walk down the street without being short of breath. She denies any fever. She has been having a dry cough with no phlegm. She denies any body aches or sore throat. She has been having painful swallowing. She is able to take in liquids and has been taking ensure and milkshakes. She denies any food getting stuck. She is on a combination of sysplatin and a topicide. She had her last dose a few days ago. She is currently on radiation. She is experiencing shortness of breath and has been unable to walk down the street without being short of breath. She denies any fever. She has been having a dry cough with no phlegm. She denies any body aches or sore throat. She has been having painful swallowing. She is able to take in liquids and has been taking ensure and milkshakes. She denies any food getting stuck. She is on a combination of sysplatin and a topicide. She had her last dose a few days ago. She is currently on radiation. She is experiencing shortness of breath and has been unable to walk down the street without being short of breath. She denies any fever. She has been having a dry cough with no phlegm. She denies any body aches or sore throat. She has been having painful swallowing. She is able to take in liquids and has been taking ensure and milkshakes. She denies any food getting stuck. She is on a combination of sysplatin and a topicide. She had her last dose a few days ago. She is currently on radiation. She is experiencing shortness of breath and has been unable to walk down the street without being short of breath. She denies any fever. She has been having a dry cough with no phlegm. She denies any body aches or sore throat. She has been having painful swallowing. She is able to take in liquids and has been taking ensure and milkshakes. She denies any food getting stuck.","CHIEF COMPLAINT

Follow-up of stage III non-small cell lung cancer.

MEDICAL HISTORY

Patient reports recent diagnosis of stage III non-small cell lung cancer.

SOCIAL HISTORY

Patient reports she was previously active taking mile long walks with her doberman. She states her husband is her support system and has been helpful with this new diagnosis. Her daughter has also been helpful.

MEDICATIONS

Patient reports receiving chemotherapy consisting of Cisplatin and etoposide. She is also taking Zofran.

REVIEW OF SYSTEMS

Constitutional: Reports fatigue. Denies fever.
HENT: Reports odynophagia.
Respiratory: Reports dyspnea and dry cough.
Gastrointestinal: Reports nausea.

VITALS

Vitals are normal including pulse oximetry.

PHYSICAL EXAM

Neck
- General Examination: Neck is supple without cervical lymphadenopathy, or subclavicular adenopathy.

Respiratory
- Auscultation of Lungs: Rales in the lungs bilaterally.

Cardiovascular
- Auscultation of Heart: Regular rate and rhythm. No murmurs.

Musculoskeletal
- Examination: No edema.

Integumentary
- Examination: Some erythema on the left anterior aspect of the chest.

Hematology/Lymphatic/Immunology
- Palpation: No enlarged lymph nodes.

RESULTS

Pathology report is reviewed and shows evidence of a 4.4 cm left upper lobe nodule.

Chest x-ray is reviewed and shows evidence of mild radiation pneumonitis.

ASSESSMENT AND PLAN

1. Stage III non-small cell lung cancer.
- Medical Reasoning: This is a new diagnosis for this patient. Recent pathology report showed evidence of a 4.4 cm left upper lobe nodule.
- Patient Education and Counseling: We discussed that once her treatment regimen is complete we will proceed with further testing and hopefully tumor resection.
- Medical Treatment: Patient will continue on current regimen consisting of Cisplatin and etoposide. Her radiation will remain at 45 Gy.

2. Radiation pneumonitis.
- Medical Reasoning: Recent chest x-ray showed evidence of mild radiation pneumonitis.
- Patient Education and Counseling: We discussed she is experiencing inflammation of the lungs secondary to her radiation treatment. The risks and benefits of prednisone were also discussed.
- Medical treatment: A prescription for prednisone 40 mg 1 tablet a day for 5 days was provided.

3. Odynophagia.
- Medical Reasoning: Patient reports symptoms of painful swallowing.
- Patient Education and Counseling: I advised her that her radiation pneumonitis is also affecting her esophagus which is resulting in her painful swallowing. We discussed the importance of nutrition and hydration while undergoing chemotherapy.
- Medical treatment: Prescription for lidocaine viscous solution to be completed 4 times a day was provided.
Patient Agreements: The patient understands and agrees with the recommended medical treatment plan.

INSTRUCTIONS

Patient will return for follow-up in 2 weeks."
"CHIEF COMPLAINT

Kidney stone pain.

HISTORY OF PRESENT ILLNESS

Joshua is a pleasant 34-year-old male who presents to the clinic today for the evaluation of kidney stone pain. The patient states that he has been experiencing pain in his right flank for the last two weeks. He describes the pain as intermittent and radiating down to his groin. He states that the pain is under control but it comes and goes. He notes that the pain is exacerbated by activity and drinking. He has been taking ibuprofen for pain relief. He denies any nausea, vomiting, or fevers. He denies any hematuria. He notes that the pain radiated to his right testicle, which he states was ""weird"" but it subsided. He has a family history of kidney stones. He has had kidney stones in the past and was able to pass them within a week. He has had surgery a couple of times for kidney stones.

REVIEW OF SYSTEMS

Gastrointestinal: Denies nausea and vomiting.
Genitourinary: Denies hematuria.

PHYSICAL EXAM

Vitals
Blood pressure: Elevated.

Abdomen
- Examination: No tenderness to palpation of the abdomen.
- CVA: Tenderness on the right side.

ASSESSMENT AND PLAN

1. Kidney stone.
- Medical Reasoning: The patient has a history of kidney stones and has been experiencing right flank pain for the last two weeks. His pain is radiating to his groin. His CT scan shows a 0.5 cm stone located on the proximal right ureter. He has no evidence of high-flow nephrosis.
- Patient Education and Counseling: I explained to the patient that his pain is likely due to a kidney stone. I advised him to continue to push fluids and continue using a strainer when urinating. I advised him to continue taking ibuprofen for pain relief. I also advised him to take tramadol 50 mg for breakthrough pain.
- Medical Treatment: I have prescribed tramadol 50 mg for breakthrough pain. I have also ordered a BMP, urinalysis, and urine culture.

Patient Agreements: The patient understands and agrees with the recommended medical treatment plan.

INSTRUCTIONS

The patient will follow up in 2 weeks if he is still experiencing symptoms.","CHIEF COMPLAINT

Right flank pain.

HISTORY OF PRESENT ILLNESS

Joshua Reyes is a pleasant 18-year-old male who presents to the clinic today for evaluation of right flank pain.

For the last 2 weeks, the patient has been experiencing pain that starts in his right flank and radiates down into his groin. He also recalls one episode in which the pain radiated down into one of his testicles. Although his pain is intermittent depending on his fluid intake and activity level, he rates the pain as a 4/10 at its worst. Otherwise, the pain is a 1-2/10. He denies any pain with urination, hematuria, nausea, vomiting, or fevers, but recalls possibly having chills at one point. Over-the-counter ibuprofen provides partial relief of his pain. Of note, the patient has a personal history of kidney stones, some which were passed independently, usually within a week, while others required surgical intervention or lithotripsy. He also has several family members with a histories of kidney stones.

MEDICAL HISTORY

The patient has a personal history of kidney stones treated conservatively, surgically, and with lithotripsy.

FAMILY HISTORY

The patient has a significant family history of kidney stones.

REVIEW OF SYSTEMS

Constitutional: Reports chills. Denies fever
Gastrointestinal: Denies nausea or vomiting.
Genitourinary: Reports right flank pain. Denies dysuria or hematuria.

VITALS

Blood pressure: Slightly elevated

PHYSICAL EXAM

GI/GU: No tenderness to palpation of the abdomen.
MSK: Examination of the right flank: CVA tenderness.

RESULTS

CT scan of the right flank was reviewed today, 05/06/2022. It revealed a kidney stone measuring 0.5 cm in size, located on the proximal right ureter. There is no evidence of hydronephrosis.

ASSESSMENT

Kidney stone, right side.

PLAN

After reviewing the patient's examination and CT scan findings today, we discussed the diagnosis and treatment plan. I recommend that we treat the patient conservatively at this point. I advised him to continue drinking plenty of fluids so he can hopefully pass the stone. He has been controlling his pain with over-the-counter ibuprofen and should continue to do so. I also prescribed tramadol 50 mg for any breakthrough pain. His primary care physician provided him with a strainer and I advised him to continue using this as well. I want to order a BMP, a urinalysis, and a urine culture to rule out any need for antibiotics. We will have him follow up in 2 weeks for re-evaluation. If he has not passed the kidney stone at that time, we can consider proceeding with lithotripsy.

INSTRUCTIONS

The patient will follow up in 2 weeks."
"CHIEF COMPLAINT

Shortness of breath.

MEDICAL HISTORY

Patient reports history of coronary artery disease.

SOCIAL HISTORY

Patient reports history of NBA playoff.

MEDICATIONS

Patient reports taking Lasix.

REVIEW OF SYSTEMS

Constitutional: Denies.
Cardiovascular: Reports bilateral lower extremity swelling.
Respiratory: Reports shortness of breath.

VITALS

Blood pressure: 135/80 mmHg.

PHYSICAL EXAM

Neck
- General Examination: Jugular venous distention up to 9 cm. No carotid bruits.

Respiratory
- Auscultation of Lungs: Bibasilar crackles with occasional rhonchi that clears with coughing.

Cardiovascular
- Auscultation of Heart: 3/6 systolic ejection murmur heard at the left base.

Musculoskeletal
- Examination: 1 to 2+ pitting edema bilaterally.

ASSESSMENT AND PLAN

1. Acute heart failure exacerbation.
- Medical Reasoning: The patient presents with bilateral lower extremity edema, shortness of breath, and jugular venous distention.
- Patient Education and Counseling: I advised the patient that he should avoid NSAIDs and aspirin. I advised the patient to avoid high potassium foods.
- Medical Treatment: I have increased the patient's Lasix from 40 mg to 80 mg daily. I have also ordered a chest x-ray.
- Patient Agreements: The patient understands and agrees with the recommended medical treatment plan.

2. Coronary artery disease.
- Medical Reasoning: The patient has a history of coronary artery disease.
- Patient Education and Counseling: I advised the patient to avoid NSAIDs and aspirin.
- Medical Treatment: I have ordered an echocardiogram to check out the heart murmur that I hear on his physical exam.
- Patient Agreements: The patient understands and agrees with the recommended medical treatment plan.

3. Stage 3 chronic kidney disease.
- Medical Reasoning: The patient has a history of chronic kidney disease.
- Patient Education and Counseling: I advised the patient to avoid high potassium foods.
- Medical Treatment: I have ordered a complete metabolic panel.
- Patient Agreements: The patient understands and agrees with the recommended medical treatment plan.

4. Possible gout flare.
- Medical Reasoning: The patient has a history of chronic kidney disease.
- Patient Education and Counseling: I advised the patient to avoid high potassium foods.
- Medical Treatment: I have ordered a uric acid.
- Patient Agreements: The patient understands and agrees with the recommended medical treatment plan.

Patient Agreements: The patient understands and agrees with the recommended medical treatment plan.","CHIEF COMPLAINT

Shortness of breath.

MEDICAL HISTORY

Patient reports a history of coronary disease, acute myocardial infarction in 2018, stage 3 chronic kidney disease, and knee pain. He denies a history of gout.

SURGICAL HISTORY

Patient reports placement of a coronary artery stent in the right coronary artery in 2018.

SOCIAL HISTORY

Patient reports that he is a fan of basketball.

MEDICATIONS

Patient reports taking Lasix 40 mg once a day.

REVIEW OF SYSTEMS

Respiratory: Reports shortness of breath.
Genitourinary: Denies changes in urination.
Musculoskeletal: Reports swelling in bilateral lower extremities and great toe pain.

VITALS

Blood Pressure: 135/80 mmHg.

PHYSICAL EXAM

Neck
- General Examination: Jugular venous distention up to approximately 9 cm. There are no carotid bruits.

Respiratory
- Auscultation of Lungs: Bibasilar crackles with occasional rhonchi that clears when coughing.

Cardiovascular
- Auscultation of Heart: 3 out of 6 systolic ejection murmur heard at the left base.

Musculoskeletal
- Examination of the lower extremities: 1 to 2+ pitting edema bilaterally.

ASSESSMENT AND PLAN

1. Acute heart failure exacerbation.
- Medical Reasoning: The patient's physical examination today suggests he is retaining fluid. His shortness of breath is also the result of an acute heart failure exacerbation. His recent dietary indiscretion may have contributed to this development.
- Patient Education and Counseling: I explained to the patient that he should increase his diuretic in the morning so that any increased urinary frequency will not interrupt his sleep at night. I encouraged the patient to limit his salt intake.
- Medical Treatment: The patient will increase his Lasix from 40 mg a day to 80 mg a day. We will see how he does with the increased dose in the morning before adding a second increased dose in the afternoon. Chest x-ray ordered to rule out any other etiologies.

2. Coronary artery disease.
- Medical Reasoning: He is doing well except for the heart failure exacerbation.
- Patient Education and Counseling: I advised the patient to limit his intake of salty foods.
- Medical Treatment: Repeat echocardiogram ordered for further evaluation of the heart murmur heard on his physical exam. I am going to call Dr. White and let them know that I want him to be seen by them.

3. Stage 3 chronic kidney disease.
- Medical Reasoning: This appears to be stable.
- Patient Education and Counseling: I reminded the patient it is important to routinely follow up with his nephrologist. I advised him that he should limit intake of any potassium rich foods including bananas, oranges, and potatoes as they can affect his kidney function. I also recommended he avoid the use of any anti-inflammatories such as Motrin or Advil as they can contribute to worsening kidney function. If his pain does not resolve with Tylenol, I want him to call me, and we can discuss some alternative medications or therapies.
- Medical Treatment: The patient was provided with a referral to a dietician for assistance with his dietary needs. Tylenol can be taken for pain. Complete metabolic panel is ordered to ensure kidney function is stable.

4. Possible gout flare.
- Medical Reasoning: The patient's recent great toe pain may have been a possible gout flare related to his chronic kidney disease.
- Patient Education and Counseling: I explained that there is an alternative medication he could take to protect his kidney function that would not result in a gout flare.
- Medical Treatment: Uric acid test ordered.

Patient Agreements: The patient understands and agrees with the recommended medical treatment plan.

INSTRUCTIONS

I want him to call me in 2 days and let me know how his weight has been with increasing the diuretic. If he starts to have worsening shortness of breath in the next 2 days, I recommend he call me as we may have to admit him to the hospital for intravenous diuretics."
