prediction,reference
"CHIEF COMPLAINT

Follow-up of chronic problems.

HISTORY OF PRESENT ILLNESS

Brian is a 58-year-old male with a past medical history significant for congestive heart failure and hypertension, who presents today for follow-up of his chronic problems.

The patient states that he has been feeling ""out of sorts"" since Labor Day, approximately five weeks ago. He describes a lack of energy, fatigue, and occasional lightheadedness. He notes that he has experienced bloating. He denies any weight gain. He reports that he is taking his medications. He notes that he has been eating out more and not always the best food during his kitchen construction project. He denies any fever or chills. He denies any problems breathing. He denies any chest pain. He reports a slight cough.

The patient states that he has been doing well with his heart failure since the last year. He has been watching his diet. He is excited for Halloween. He is doing well with his high blood pressure. He has been monitoring his blood pressure regularly. His wife ensures he stays on top of that. He has purchased a blood pressure cuff.

REVIEW OF SYSTEMS

• Constitutional: Endorses fatigue.
• Cardiovascular: Endorses slight chest pain that resolves after about an hour.
• Respiratory: Endorses a slight cough.
• Gastrointestinal: Denies nausea, vomiting, or diarrhea.
• Neurological: Endorses lightheadedness.

PHYSICAL EXAMINATION

• Respiratory: Fine crackles at the bases bilaterally.
• Cardiovascular: 1+ pitting edema in the lower extremities.
• Musculoskeletal: No edema in the upper extremities.
• Cardiovascular: 3/6 systolic ejection murmur.
• Respiratory: No wheezes or rhonchi.

RESULTS

Chest x-ray reveals pulmonary edema.
Echocardiogram from 4 months ago shows reduced ejection fraction of 45%.
Echocardiogram also reveals mitral regurgitation.

ASSESSMENT AND PLAN

Brian is a 58-year-old male with a past medical history significant for congestive heart failure and hypertension, who presents today for follow-up of his chronic problems.

Congestive heart failure.
• Medical Reasoning: The patient is retaining fluid as evidenced by his physical exam and chest x-ray.
• Additional Testing: We will order another echocardiogram.
• Medical Treatment: I will increase his Lasix to 80 mg once a day.
• Patient Education and Counseling: I advised the patient to weigh himself every day and to call me if he is gaining more weight. I advised the patient to call me if he has any other symptoms of shortness of breath.

Hypertension.
• Medical Reasoning: The patient is doing well with his blood pressure management.
• Medical Treatment: Continue Lisinopril 20 mg a day.
• Patient Education and Counseling: I advised the patient to continue to monitor his blood pressure at home and report any elevated readings to me via the patient portal.

Patient Agreements: The patient understands and agrees with the recommended medical treatment plan.","CHIEF COMPLAINT

Follow-up of chronic problems.

HISTORY OF PRESENT ILLNESS

Brian White is a 58-year-old male with a past medical history significant for congestive heart failure and hypertension, who presents today for follow-up of his chronic problems.

The patient states he has been feeling out of sorts lately. He is not sure if it is due to the change in the seasons or due to performing lots of projects and some construction on his home. He reports fatigue and lightheadedness. This has been going on for about 5 weeks. While exerting energy, he has experienced some shortness of breath and chest cramps. The patient also notes a slight cough, but he is not sure if it is just the change in seasons.

He feels bloated every once in a while. His diet has been a little bit of a struggle. They had construction on their kitchen begin over Labor Day weekend, and have been eating less healthy food as a result.

Regarding his heart failure, he has been pretty good with his salt intake. He has been pretty good about his diet since the last year and is staying on top of that as much as possible. The patient has continued to utilize Lasix daily.

For his hypertension, this has been well controlled with lisinopril 20 mg a day. He has continued to monitor his blood pressure regularly.

The patient did the review of systems sheet when he checked in. He denies weight gain, swelling in the lower extremities, fevers, chills, dizziness, nausea, vomiting, and diarrhea.

REVIEW OF SYSTEMS

• Constitutional: Endorses fatigue. Denies fevers, chills, or weight loss.
• Cardiovascular: Endorses chest pain or dyspnea on exertion.
• Respiratory: Endorses cough and shortness of breath.
• Gastrointestinal: Endorses bloating.

PHYSICAL EXAMINATION

• Neck: JVD 8 cm.
• Respiratory: Rales bilateral bases.
• Cardiovascular: 3/6 systolic ejection murmur.
• Musculoskeletal: 1+ pitting edema bilateral lower extremities.

RESULTS

X-ray of the chest demonstrates a mild amount of fluid in the lungs.

Echocardiogram demonstrates decreased ejection fraction of 45% and mild mitral regurgitation.

ASSESSMENT AND PLAN

Brian White is a 58-year-old male with a past medical history significant for congestive heart failure and hypertension, who presents today for follow up of his chronic problems.

Congestive heart failure.
• Medical Reasoning: The patient reports increased fatigue, dizziness, and chest discomfort on exertion. He also exhibits some jugular venous distention, lung base crackles, and lower extremity edema on exam today. He has been compliant with his current medications but admits to dietary indiscretion lately. His recent echocardiogram demonstrated a reduced ejection fraction of 45%, as well as mitral regurgitation.
• Additional Testing: We will order a repeat echocardiogram.
• Medical Treatment: Increase Lasix to 80 mg daily.
• Patient Education and Counseling: I advised the patient to monitor and record his daily weight and report those to me via the patient portal. He will contact me should he continue to experience any dyspnea.

Hypertension.
• Medical Reasoning: This is well controlled based on home monitoring.
• Medical Treatment: Continue lisinopril 20 mg daily.
• Patient Education and Counseling: I advised him to monitor and record his blood pressures at home and report these to me via the patient portal.

Patient Agreements: The patient understands and agrees with the recommended medical treatment plan."
"CHIEF COMPLAINT

Right knee pain.

MEDICAL HISTORY

Patient reports history of atrial fibrillation.

SURGICAL HISTORY

Patient reports history of rhinoplasty.

REVIEW OF SYSTEMS

Musculoskeletal: Reports right knee pain. Denies calf pain.

PHYSICAL EXAM

Musculoskeletal
Examination of the right knee: Tenderness over the medial aspect of the knee. Pain with flexion and valgus stress. Normal sensation.

RESULTS

X-rays of the right knee: No fractures or dislocations.

ASSESSMENT AND PLAN

Acute medial meniscus sprain.
The patient is a 43-year-old female who presents with right knee pain after twisting her knee while trying to change a light bulb. She has been icing and taking ibuprofen with minimal relief. On exam, there is tenderness over the medial aspect of the knee. X-rays of the right knee were unremarkable. I have recommended a knee brace and crutches for the next couple of days. We will follow up in one week to reassess. If symptoms do not improve, we will obtain an MRI.

Medications
Motrin 800 mg every 6 hours with food.

Patient Agreements: The patient understands and agrees with the recommended medical treatment plan.","CC:

Right knee pain.

HPI:

Ms. Thompson is a 43-year-old female who presents today for an evaluation of right knee pain. She states she was trying to change a lightbulb on a ladder, and she twisted her knee when she stumbled and caught herself from falling yesterday. She has been applying ice and taking Ibuprofen without relief.

CURRENT MEDICATIONS:

Ibuprofen, digoxin.

PAST MEDICAL HISTORY:

Atrial fibrillation.

PAST SURGICAL HISTORY:

Rhinoplasty.

EXAM

Examination of the right knee shows pain with flexion. Tenderness over the medial joint line. No pain in the calf. Pain with valgus stress. Sensation is intact.

RESULTS

X-rays of the right knee show no obvious signs of acute fracture or dislocation. Mild effusion is noted.

IMPRESSION

Right knee acute medial meniscus sprain.

PLAN

At this point, I discussed the diagnosis and treatment options with the patient. I have recommended a knee brace. She will take Motrin 800 mg, every 6 hours with food, for two weeks. She will use crutches for the next couple of days. She will follow up with me in 1 week for a repeat evaluation. If she is not better at that time, we will obtain an MRI. All questions were answered."
"CHIEF COMPLAINT

Back pain.

MEDICAL HISTORY

Patient reports a past medical history significant for diabetes type 2, hypertension, osteoarthritis, and back pain.

SOCIAL HISTORY

Patient reports that he is a smoker.

MEDICATIONS

Patient reports that he is taking metformin, lisinopril, and meloxicam.

REVIEW OF SYSTEMS

• Constitutional: Denies fever, chills, or night sweats.
• Cardiovascular: Denies chest pain.
• Respiratory: Denies shortness of breath.
• Neurological: Endorses tingling in the toes of the right foot.
• Musculoskeletal: Endorses back pain.

PHYSICAL EXAM

• Cardiovascular: Grade 2/6 systolic heart murmur.
• Musculoskeletal: Pain to palpation of the lumbar spine. Pain with flexion and extension of the back. Negative straight leg raise.

RESULTS

• Hemoglobin A1c: Elevated at 8.
• X-ray of the lumbar spine: Normal bony alignment. No fracture present.

ASSESSMENT AND PLAN

1. Back pain.
• Medical Reasoning: The patient's symptoms are consistent with a lumbar strain.
• Patient Education and Counseling: I advised the patient to avoid strenuous activity and to ice the area.
• Medical Treatment: Prescribed meloxicam 15 mg once a day.
• Referrals: I have referred the patient to physical therapy.

2. Diabetes type 2.
• Medical Reasoning: The patient's hemoglobin A1c is elevated at 8.
• Patient Education and Counseling: I advised the patient to eat a healthy diet.
• Medical Treatment: Increased metformin to 1000 mg twice a day.
• Follow-up: Repeat hemoglobin A1c in 6 months.

3. Hypertension.
• Medical Reasoning: The patient's blood pressure is elevated.
• Patient Education and Counseling: I advised the patient to monitor his blood pressure at home.
• Medical Treatment: Increased lisinopril from 10 mg to 20 mg a day.

4. Osteoarthritis.
• Medical Reasoning: The patient is doing well with monitoring his knee.
• Medical Treatment: No further workup at this time.

Patient Agreements: The patient understands and agrees with the recommended medical treatment plan.","CHIEF COMPLAINT

Back pain.

HISTORY OF PRESENT ILLNESS

Mr. Logan Walker is a 58-year-old male with a past medical history significant for diabetes type 2, hypertension, and osteoarthritis, who presents today with back pain.

Mr. Walker reports that he was helping his daughter move some heavy equipment and lifted some heavy boxes a little too quickly on Saturday. He thought he heard a pop when he moved and he had to lie down for about an hour before his pain resolved. He has had stiffness ever since. The pain is located in his lower back. He took Tylenol, ibuprofen, and used Icy Hot on the area, but it did not seem to help. The patient endorses some tingling in his toes on his right foot, which resolved Sunday afternoon. He finds it difficult to find a comfortable position to sleep at night, and he tends to lie on his right side, which seems to help a little bit.

Regarding his diabetes type 2, Mr. Walker reports that he has not cooked a meal at home in weeks, due to travel. He notes that his diet has not been great, and he thinks he needs to eat clean for a couple of weeks.

He monitors his blood pressure at home and it is under control for the most part.

Regarding his osteoarthritis, Mr. Walker reports occasional aggravation of his knee when he runs too much or lifts boxes that are too heavy.

The patient denies chest pain, nausea, vomiting, fevers, and chills.

REVIEW OF SYSTEMS

• Constitutional: Denies fevers, chills.
• Cardiovascular: Denies chest pain.
• Musculoskeletal: Endorses back pain and stiffness. Endorses knee pain with exertion.
• Neurological: Endorsed tingling in toes until Sunday, denies tingling today.

PHYSICAL EXAMINATION

• Cardiovascular: Slight 2/6 systolic ejection murmur.
• Musculoskeletal: Pain to palpation of the lumbar spine. Pain with flexion and extension of the back. Negative straight leg raise.

VITALS REVIEWED

• Blood Pressure: Elevated

RESULTS

Hemoglobin A1c is elevated at 8.

X-ray of the back is unremarkable. Normal bony alignment. No fracture present.

ASSESSMENT AND PLAN

Mr. Logan Walker is a 58-year-old male with a past medical history significant for diabetes type 2, hypertension, and osteoarthritis, who presents today with low back pain.

Lumbar strain.
• Medical Reasoning: He injured his lower back while moving heavy boxes. His recent x-ray was unremarkable.
• Medical Treatment: Initiate meloxicam 15 mg once a day.
• Specialist Referrals: Referral to physical therapy.
• Patient Education and Counseling: He was encouraged to continue icing the area and avoid strenuous activity.

Diabetes type 2.
• Medical Reasoning: His recent hemoglobin A1c was elevated at 8. He does admit to some dietary indiscretion lately.
• Additional Testing: Repeat hemoglobin A1c in 6 months.
• Medical Treatment: Increase metformin to 1000 mg twice a day.

Hypertension.
• Medical Reasoning: His blood pressures have been slightly elevated based on home monitoring and in clinic today.
• Medical Treatment: Increase lisinopril from 10 mg to 20 mg a day.

Osteoarthritis.
• Medical Reasoning: This is mostly well controlled.
• Medical Treatment: Continue to monitor the knee. No further work up is needed at this time.

Patient Agreements: The patient understands and agrees with the recommended medical treatment plan."
"CHIEF COMPLAINT

Annual exam.

HISTORY OF PRESENT ILLNESS

Ralph is a 62-year-old male with a past medical history significant for depression, prior lobectomy, and hypertension, who presents for his annual exam.

The patient reports that he is doing well with his depression and has been compliant with his medication. He reports that he is doing well with his hypertension. He reports that he is doing well with his allergies.

The patient reports that he has been exercising regularly. He reports that he sometimes feels a little bit of pounding in his chest during his runs.

REVIEW OF SYSTEMS

• Respiratory: Endorses nasal congestion. Denies shortness of breath, cough, or muscle aches.
• Cardiovascular: Denies chest pain.

PHYSICAL EXAM

• Cardiovascular: Grade 2/6 systolic ejection murmur.
• Respiratory: Lungs are clear to auscultation bilaterally. No lower extremity edema.
• Musculoskeletal: Pain to palpation of the sinuses.

RESULTS

EKG is normal.
Chest x-ray is normal.

ASSESSMENT AND PLAN

1. Depression.
• Medical Reasoning: The patient is doing well with his current medication regimen.
• Medical Treatment: Continue Prozac 20 mg daily. Refill order placed.

2. Hypertension.
• Medical Reasoning: The patient is doing well with his current medication regimen.
• Medical Treatment: Continue Norvasc.
• Additional Testing: Echocardiogram ordered.

3. Prior lobectomy.
• Medical Reasoning: The patient is doing well with his current exercise regimen.
• Medical Treatment: No further workup needed.

Patient Agreements: The patient understands and agrees with the recommended medical treatment plan.","CHIEF COMPLAINT

Annual exam.

HISTORY OF PRESENT ILLNESS

The patient is a 62-year-old male with a past medical history significant for depression and prior lobectomy, as well as hypertension. He presents for his annual exam.

The patient reports that he is doing relatively well. Over the summer, he moved his oldest daughter into college which was a little stressful and chaotic in the heat of the summer.

Regarding his depression, he reports that he has been consistent with his Prozac and has not had any incidents in a while.

His hypertension has been slightly uncontrolled. He reports that he is taking his blood pressure at home and it is running high. The patient states that he is pretty regular with his Norvasc during the business week, but on the weekends he will forget to bring it with him.

He reports that he had a prior lobectomy a couple of years ago. He endorses shortness of breath with exertion. The patient has difficulty breathing due to allergies and the heat in the summertime. He also endorses some nasal congestion from the pollen. He reports that he runs in the morning. Occasionally, if it is relatively humid, he will struggle a little bit with breathing and he will feel a little bit of a pounding in his chest. He states that it usually goes away. He reports that he runs 4 to 5 miles a day.

REVIEW OF SYSTEMS

• Ears, Nose, Mouth and Throat: Endorses nasal congestion from the pollen.
• Cardiovascular: Endorses intermittent palpitations. Endorses dyspnea on exertion.
• Respiratory: Endorses shortness of breath. Endorses cough.
• Psychiatric: Endorses depression.

PHYSICAL EXAMINATION

• Head and Face: Pain to palpation to the sinuses.
• Respiratory: Lungs are clear to auscultation bilaterally. No wheezes, rales, or rhonchi.
• Cardiovascular: Regular rate. 2/6 systolic ejection murmur. No gallops or rubs. No extra heart sounds.

VITALS REVIEWED
• Blood Pressure: 124/80 mmHg.

RESULTS

Electrocardiogram stable.

X-ray of the chest is unremarkable.

ASSESSMENT AND PLAN

Ralph Barnes is a 62-year-old male who presents for his annual examination.

Annual visit.
• Additional Testing: I have ordered his routine blood work and will follow up with the patient via the portal once results are back.

Depression.
• Medical Reasoning: He is doing well with his current regimen.
• Medical Treatment: He can continue Prozac 20 mg a day and I provided a refill of that today.

History of lobectomy.
• Medical Reasoning: I do not think we need to do any more work up for this issue. He is able to exercise a lot and his breathing function is back. I do not think he needs to follow up with the surgeon anymore.

Hypertension.
• Medical Reasoning: He is doing well on his current regimen. His blood pressure was normal today and has been trending well over the past several years.
• Additional Testing: I ordered an echocardiogram to evaluate his murmur.
• Medical Treatment: He can continue Norvasc.

Patient Agreements: The patient understands and agrees with the recommended medical treatment plan."
"CHIEF COMPLAINT

Right finger pain.

HISTORY OF PRESENT ILLNESS

Sharon Brooks is a 48-year-old female who presents to the clinic today for the evaluation of right finger pain. The patient states that she was skiing over the weekend and as she was coming down the hill, she tried moguls, which jumping over those big hills, and she tended to get her strap caught on her finger. She states that it kind of bent it back a bit. She denies any other injuries. She has been applying ice to the area and taking ibuprofen for pain.

The patient also reports that she has been suffering from constipation recently. She has been taking MiraLAX for this. She denies any surgeries in the past except for her appendix being removed when she was 18 years old.

REVIEW OF SYSTEMS

Musculoskeletal: Reports right index finger pain.
Gastrointestinal: Reports constipation.

PHYSICAL EXAM

Examination of the right index finger: There is tenderness over the distal phalanx. There is some tenderness over the joint itself. No tenderness over the proximal joint or the metacarpophalangeal joint. There is pain with flexion.

RESULTS

X-rays of the right index finger reveal no fractures.

ASSESSMENT AND PLAN

Right hand index finger contusion on the tip of the finger.
The patient was examined today and had tenderness over the distal phalanx. X-rays of the right index finger were obtained today and revealed no fractures. I have recommended that we get her a s-aluminum foam splint and we will give her Motrin 600 mg every 6 hours for about a week. If it does not get better, she will call us and come back at that point.

Patient Agreements: The patient understands and agrees with the recommended medical treatment plan.","CC:

Right finger pain.

HPI:

Ms. Brooks is a 48-year-old female who presents today for an evaluation of right finger pain. She states she was skiing on Sunday and hyperextended her finger when it became caught in a strap on a jump. She has tried applying ice and taking Ibuprofen, but it is still very painful. She has pain with movement.

CURRENT MEDICATIONS:

MiraLax

PAST MEDICAL HISTORY:

Constipation.

PAST SURGICAL HISTORY:

Appendectomy.

EXAM

Examination of the right index finger shows tenderness over the distal phalanx. No tenderness over the proximal phalanx or the MP joint. Pain with flexion.

RESULTS

X-rays of the right hand show no obvious signs of fracture or bony abnormalities.

IMPRESSION

Right hand index finger contusion at the tip of the finger.

PLAN

At this point, I discussed the diagnosis and treatment options with the patient. I have recommended a splint. She will take Motrin 600 mg every 6 hours for a week. If she does not improve, she will follow up with me. All questions were answered."
"CHIEF COMPLAINT

Iron deficiency anemia.

HISTORY OF PRESENT ILLNESS

Ms. Cooper is a 65-year-old female who presents for evaluation of iron deficiency anemia. The patient was unable to donate blood in 12/2019. She has a history of anemia since age 13. She has been taking ferrous sulfate 25 mg twice daily. She has also been taking vitamin B12 over the counter. She has a history of heavy menstrual periods until 1996, when she had a hysterectomy. She denies any history of blood loss from the gastrointestinal tract.

The patient reports feeling fatigued, feverish, and chills. She also reports shortness of breath, wheezing, and headaches. She also reports feeling cold easily. She has been taking vitamin C with her iron supplements.

REVIEW OF SYSTEMS

Constitutional: Reports fatigue, fever, and chills.
Respiratory: Reports shortness of breath and wheezing.
Neurological: Reports headaches.

PHYSICAL EXAM

Abdomen: No tenderness to palpation.
Cardiovascular: Normal heart rate and rhythm.
Respiratory: Normal lung sounds.

ASSESSMENT AND PLAN

Iron deficiency anemia.
The patient has a history of anemia since age 13. She has been taking ferrous sulfate 25 mg twice daily. She has also been taking vitamin B12 over the counter. She has a history of heavy menstrual periods until 1996, when she had a hysterectomy. She reports feeling fatigued, feverish, and chills. She also reports shortness of breath, wheezing, and headaches. She also reports feeling cold easily. She has been taking vitamin C with her iron supplements.

Plan:
1. We will order an upper endoscopy and a colonoscopy to assess for potential sources of anemia or GI bleed. If this is inconclusive, capsule endoscopy will be considered.
2. We will refer the patient to a hematologist for further evaluation.
3. We will have the patient start taking her iron pills with orange juice for the next 12 weeks. She will recheck her CBC, iron, ferritin, B12, and folate.

INSTRUCTIONS

The patient was instructed to call the office if she has any questions or worsening symptoms.","CHIEF COMPLAINT

Iron deficiency anemia.

HISTORY OF PRESENT ILLNESS

Mrs. Christina Cooper is a 65-year-old female who presents with a long-history of iron deficiency anemia.

The patient reports she has been living with anemia since she was 13 years old. She attempted to donate blood on 12/2019 but was unable to due to her anemia. She has a history of heavy menstruation and a hysterectomy in 1996. She completed a colonoscopy 5-6 years ago with nonsignificant findings. She denies having a pacemaker, defibrillator, sleep apnea, or using oxygen.

Mrs. Cooper reports a myriad of symptoms, stating she feels fatigued often during the day, feverish with chills at times, and during activity feels she cannot catch her breath and some wheezing is present. She has been having some headaches which is uncommon for her. Additionally, she is noticing tingling sensations, cold sensitivity, and her anxiety and depression have worsened.

PAST HISTORY

Surgical
Hysterectomy, 1996.

Procedures
Colonoscopy 5-6 years ago.

SOCIAL HISTORY

Drink's alcohol 1-2 times per year.

CURRENT MEDICATIONS

Ferrous Sulfate 25 mg tablet twice per day (1 in the morning, 1 in the evening), Vitamin B12 OTC.

PHYSICAL EXAM

Gastrointestinal
Abdomen non-tender.

ASSESSMENT

• Iron deficiency anemia

Mrs. Cooper is a 65-year-old female who was diagnosed with iron deficiency anemia in 12/2019 and was unable to donate blood. Her follow-up blood work in 01/2020 revealed a low hemoglobin, stable hematocrit, and normal iron labs, although, ferritin was low. She has been taking ferrous sulfate 325 mg by mouth.

PLAN

I have asked her to continue each ferrous sulfate dose with vitamin C found in orange juice for the next 12 weeks then recheck CBC, iron ferritin, B-12, and folate. A referral was sent for her to see a hematologist. We will plan for EGD and colonoscopy to assess for potential sources of anemia or GI bleed. If this is inconclusive, capsule endoscopy can be considered.

INSTRUCTIONS

Schedule upper endoscopy, colonoscopy and appointment with hematologist. Return to the clinic if symptoms worsen."
"CHIEF COMPLAINT

Pituitary adenoma.

HISTORY OF PRESENT ILLNESS

Mr. Bruce Ward is a 52-year-old male who presents for consultation regarding a pituitary lesion. The patient was referred to me by Dr. Henry Howard. The patient was diagnosed with a pituitary lesion incidentally during the workup for worsening headaches.

The patient reports a 3-month history of headaches. He describes the pain as a dull ache located behind his eyes. The pain is rated as 3/10 initially and has progressed to 6/10. The headaches are worse in the morning and last for a few hours. He denies any triggers or relieving factors. He denies any associated fever, rash, neck stiffness, numbness, tingling, or syncope. He has tried Tylenol for the headaches with no relief.

The patient reports that he has been bumping into door frames more frequently. He denies any changes in his vision or balance.

The patient has a 25-year history of marriage. He is a computer programmer. He denies any alcohol, tobacco, or illicit drug use.

REVIEW OF SYSTEMS

• Neurological: Endorses headaches. Denies syncope.
• Constitutional: Denies fever.
• Integumentary: Denies rash.
• Musculoskeletal: Denies neck stiffness.
• Neurological: Denies numbness or tingling.

PHYSICAL EXAMINATION

• Neurological:
- Orientation: Alert and oriented to time, place, and person.
- Cranial Nerves: Grossly intact.
- Motor/Sensory: No focal, motor, or sensory deficits in the upper or lower extremities.
- Visual Acuity: Normal.
- Eye Movements: Normal.
- Pupils: Equal and reactive.
- Visual Field: Bitemporal hemianopia.
- Color Vision: Normal.

RESULTS

MRI Brain with contrast (03/04/2021) reveals a pituitary lesion with elevation and compression of the optic chiasm. The ventricles are normal in size. No other abnormalities are noted.

Hormone profile (03/03/2021) is normal with the exception of a low TSH.

ASSESSMENT AND PLAN

Mr. Bruce Ward is a 52-year-old male who has a benign appearing pituitary adenoma incidentally discovered during the workup for worsening headaches. He is symptomatic with clinical and radiographical evidence of optic chiasmal compression, therefor surgical intervention to excise and decompress the pituitary fossa is indicated.

Plan:
1. Referral to ophthalmology for full exam and visual field testing.
2. Transsphenoidal surgery to excise and decompress the pituitary fossa.

INSTRUCTIONS

The patient will be referred to the eye doctor for a full exam and visual field testing. He may not be able to see the eye doctor until after surgery. The patient will be contacted by the surgery scheduler to set up the surgery.","CHIEF COMPLAINT

Pituitary lesion.

HISTORY OF PRESENT ILLNESS

Bruce Ward is a 52-year-old male with a pituitary lesion. The patient is seen in consultation at the request of Dr. Henry Howard for possible surgical intervention.

The patient presented to his primary care provider, Dr. Howard, on 03/01/2021 complaining of worsening headaches over the past few months. He denied any trouble with headaches in the past. Further work up of headaches with MRI of the brain revealed the pituitary lesion.

Mr. Ward reports headaches started about 3 months ago, at which point they were around 3 out of 10 in severity. They have gradually worsened over time and now he rates them at about 6/10. The headaches do tend to be worse in the morning and feel like a dull ache behind the eyes. They tend to last a few hours at a time, and nothing makes them particularly worse or better. Tylenol failed to improve headaches.

The patient endorses that recently he has been bumping into door frames, but no obvious problems with his balance or vision. He denies any recent sickness or feeling sick and negative for fever, rash, paresthesia, weakness, neck stiffness, or syncope.

PAST HISTORY

Medical
Newly diagnosed pituitary lesion.

FAMILY HISTORY

No known family history; adopted.

SOCIAL HISTORY

Employment Status: Works as a computer programmer.
Marital Status: Married for 25 years.
Living Arrangement: Lives with wife, recently purchased a new house.
Alcohol Use: None.
Tobacco Use: Non-smoker.
Recreational Drugs: None.

PHYSICAL EXAM

Neurological
Patient alert, oriented to person, place, and time, affect appropriate and speech fluent. Cranial nerve examination grossly intact. No focal motor or sensory deficit in the upper or lower extremities.

Eyes
Visual acuity and eye movements are normal. Pupils are equal and reactive. Visual field testing reveals bitemporal hemianopia. Color vision is normal.

RESULTS

Labs reviewed, 03/03/2021: CBC, U&Es, coagulation, and CRP are all normal. Pituitary hormone profile demonstrates a low TSH, all other results were normal.

Independent review and interpretation of MRI brain, 03/04/2021: The MRI reveals a pituitary lesion with elevation and compression of the optic chiasm. The ventricles are normal in size and no other abnormalities are noted.

ASSESSMENT

• Pituitary adenoma
• Bitemporal hemianopia

Mr. Ward is a very pleasant 52-year-old male who has a benign appearing pituitary adenoma discovered on work up for worsening headaches. There is clinical and radiographical evidence of optic chiasmal compression, examination today revealed a bitemporal hemianopia. Radiographically this appears to be a benign pituitary adenoma but that there was no way to be sure without a pathological diagnosis. Surgical intervention to excise and decompress the pituitary fossa is indicated given optic chiasmal compression.

PLAN

Pituitary adenoma.
We discussed the general indications for surgical intervention. The risks, benefits to trans-sphenoidal resection were explained to the patient. The risks of anesthesia including but not limited to the risks of heart attack, stroke, and death. The risks of surgery including infection, need for further surgery, wound issues (such as spinal fluid leak or infection) which may require prolonged hospitalization or additional procedure, seizure, stroke, permanent numbness, weakness, difficulty speaking, or death. The patient voiced understanding and wishes to proceed with trans-sphenoidal resection of the adenoma.

Bitemporal hemianopia.
We will have the patient scheduled this week to have visual field testing with ophthalmology. The preoperative visual field will serve as baseline for comparison of postoperative visual field testing to monitor for improvement in the bitemporal hemianopia. Additionally, we discussed that unfortunately no guarantees could be given that his vision would return.

INSTRUCTIONS

• Refer to ophthalmology for baseline visual field testing.
• Schedule trans-sphenoidal resection of pituitary adenoma."
"CHIEF COMPLAINT

Chest pain.

HISTORY OF PRESENT ILLNESS

Betty Hill is a 52-year-old female with a past medical history of uterine fibroids and anemia who presents for evaluation of chest pain. The patient states that she was experiencing chest pain in early October of 2020. She describes the pain as sharp and located in the center of her chest, behind her breastbone. She states that the pain was resolved after four days. She denies any further episodes of chest pain since that time. She was referred to the emergency room for further evaluation. At the emergency room, the patient underwent an EKG and blood work, which were unremarkable. The patient was told that the pain may be related to gastrointestinal issues. She denies heartburn or indigestion. She denies any difficulty swallowing. She notes that her symptoms improved about three days after she went to the emergency room. She denies any abdominal pain, nausea, vomiting, or diarrhea. She denies any family history of gastrointestinal problems. She notes that she had her gallbladder removed several years ago.

The patient reports that she has been trying to lose weight. She notes that she is currently experiencing a stressful job transition.

REVIEW OF SYSTEMS

Gastrointestinal: Denies abdominal pain, nausea, vomiting, diarrhea, or heartburn.
Cardiovascular: Reports chest pain.

PHYSICAL EXAM

Abdomen
- Examination: Mild tenderness to light palpation in the upper quadrants. No tenderness to palpation in the lower quadrants. No masses. No guarding or rigidity.

ASSESSMENT AND PLAN

1. Chest pain.
- Medical Reasoning: The patient's symptoms are resolved. She denies any further episodes of chest pain since early October of 2020. Her EKG and blood work were unremarkable.
- Patient Education and Counseling: We discussed the possible etiologies of her symptoms, including anxiety, esophagitis, musculoskeletal etiologies, and gastroesophageal reflux disease (GERD). I advised the patient that her symptoms may be related to her job transition.
- Medical Treatment: We discussed the pros and cons of an EGD versus monitoring for symptom recurrence. The patient elected to self-monitor her symptoms and will call with any reoccurrence or change.

Patient Agreements: The patient understands and agrees with the recommended medical treatment plan.

INSTRUCTIONS

The patient was instructed to call the office if she has any additional episodes of pain or any other symptoms she is concerned about.","CHIEF COMPLAINT

Esophagitis.

HISTORY OF PRESENT ILLNESS

Betty Hill is a 53 y.o. female who presents to clinic today for a new patient evaluation of suspected esophagitis. The patient was referred from the emergency department where she was seen in early 10/2020 following 4 days of chest pain. The pain has resolved but she kept this appointment to discuss the original 4-day episode.

The patient describes her chest pain in early 10/2020 as sharp and localized behind the sternum. She states that it felt like a heart attack and the onset was sudden. The pain was exacerbated by eating and accompanied by dysphagia. The patient is not able to say whether she had heartburn as she has never experienced heartburn before and is unsure what it feels like. When asked about potential triggers, the patient identifies that she was experiencing a lot of stress at that time due to a job transition. She was able to tolerate the chest pain and dysphagia for 4 days but reports that nothing she tried relieved her symptoms. She then presented to the emergency department and underwent labs and EKG. All results came back normal from these tests. She was not prescribed any medications in the emergency department but was given a referral to me for suspected esophagitis. Her chest pain and dysphagia resolved spontaneously approximately 3 days after her emergency department visit and has not recurred.

The patient denies unintentional weight loss, weight gain, abdominal pain, constipation, and diarrhea. She states she is trying to lose weight.

PAST HISTORY

Medical
Uterine fibroids.
Anemia.

Surgical
Cholecystectomy.

FAMILY HISTORY

None reported.

REVIEW OF SYSTEMS

• Cardiovascular: Positive for chest pain.
• Gastrointestinal: Positive for difficulty swallowing.
• Psychiatric: Positive for stress.

PHYSICAL EXAM

Gastrointestinal
Mild tenderness to light palpation in the upper abdominal quadrants.

RESULTS

The patient's emergency department records from her 10/2020 visit were reviewed, including the normal cardiac workup.

ASSESSMENT

The patient presents today following a visit to the emergency department in early 10/2020 for 4-days of sharp chest pain, made worse by eating, and dysphagia. Notably, the patient was experiencing higher levels of stress than normal for her at that time due to a job transition. Her cardiac evaluation in the emergency department was normal and she was referred to me for suspected esophagitis. The patient's pain and associated dysphagia spontaneously resolved 3 days after her emergency department visit and has not recurred. Possible etiologies of her chest pain and dysphagia include GERD, dyspepsia, esophagitis, musculoskeletal etiologies, and anxiety. Based on her history today, I suspect she had an anxiety attack related to her job transition, plus or minus a contribution from musculoskeletal etiologies.

Non-cardiac chest pain.

Suspected etiology of anxiety with or without underlying musculoskeletal etiology.

PLAN

• We discussed the role of an EGD in evaluating her prior symptoms. Given her current asymptomatic status, I am comfortable foregoing the EGD for now in lieu of continued monitoring for symptom recurrence. The patient agreed to notify my office if her symptoms return at which time, we could schedule the EGD. The patient is agreeable to this plan.

INSTRUCTIONS

• Self-monitor for symptom recurrence and notify my office if this occurs.
• Follow up as needed."
"CHIEF COMPLAINT

Kidney evaluation.

HISTORY OF PRESENT ILLNESS

Katherine is a 22-month-old female who is a former 34 and 3-week-old twin with Smith-Magenis syndrome. Several organ systems can be affected by this chromosomal deletion syndrome. Congenital anomalies of the kidney and urinary tract have been reported in the literature.

The mother reports that the patient was born at 34 and 3 weeks gestation and weighed 4 pounds 8 ounces. The patient was noted to have problems with eating and breathing when eating. She also had a hard time regulating her temperature. She was seen by a GI doctor because she has reflux. She also had a dietician who told us to take her off cow's milk, which we did. She also has seen an allergist and a neurologist. The neurologist diagnosed her with Smith-Magenis syndrome because she still does not walk and she was not sitting by herself at 1 year old. She is now crawling and trying to take steps. She is in physical therapy, occupational therapy, and feeding therapy. She also has speech therapy who is going to be starting within the next couple of weeks. She has also seen an orthopedic and an ophthalmologist. She has also seen an audiologist.

The mother reports that the patient has a lot of wet diapers. She has 8 to 10 wet diapers in a 24 hour period. She seems to drink a lot. She used to only drink milk and then I took her off dairy milk. So when I say milk, I actually mean Ripple Pea protein milk. She is drinking water now that she is used to it. Sometimes she drinks water with just a little bit of juice. She is 2 months old next month. She is a girl. She is doing really good. She is running around and she does not have any problems. She is about the same size as her twin. They are able to wear the same clothes. I do not think she is heavier than her twin. She is just a little shorter and chunkier, but I think that is a part of her syndrome.

The mother reports that the patient has a lot of therapies. She has seen an orthopedic and an ophthalmologist. She has also seen an audiologist.

The mother reports that the patient has a lot of wet diapers. She has 8 to 10 wet diapers in a 24 hour period. She seems to drink a lot. She used to only drink milk and then I took her off dairy milk. So when I say milk, I actually mean Ripple Pea protein milk. She is drinking water now that she is used to it. Sometimes she drinks water with just a little bit of juice. She is 2 months old next month. She is a girl. She is doing really good. She is running around and she does not have any problems. She is about the same size as her twin. They are able to wear the same clothes. I do not think she is heavier than her twin. She is just a little shorter and chunkier, but I think that is a part of her syndrome.

The mother reports that the patient has a lot of therapies. She has seen an orthopedic and an ophthalmologist. She has also seen an audiologist.

The mother reports that the patient has a lot of therapies. She has seen an orthopedic and an ophthalmologist. She has also seen an audiologist.

The mother reports that the patient has a lot of therapies. She has seen an orthopedic and an ophthalmologist. She has also seen an audiologist.

The mother reports that the patient has a lot of therapies. She has seen an orthopedic and an ophthalmologist. She has also seen an audiologist.

The mother reports that the patient has a lot of therapies. She has seen an orthopedic and an ophthalmologist. She has also seen an audiologist.

The mother reports that the patient has a lot of therapies. She has seen an orthopedic and an ophthalmologist. She has also seen an audiologist.

The mother reports that the patient has a lot of therapies. She has seen an orthopedic and an ophthalmologist. She has also seen an audiologist.

The mother reports that the patient has a lot of therapies. She has seen an orthopedic and an ophthalmologist. She has also seen an audiologist.

The mother reports that the patient has a lot of therapies. She has seen an orthopedic and an ophthalmologist. She has also seen an audiologist.

The mother reports that the patient has a lot of therapies. She has seen an orthopedic and an ophthalmologist. She has also seen an audiologist.

The mother reports that the patient has a lot of therapies. She has seen an orthopedic and an ophthalmologist. She has also seen an audiologist.

The mother reports that the patient has a lot of therapies. She has seen an orthopedic and an ophthalmologist. She has also seen an audiologist.

The mother reports that the patient has a lot of therapies. She has seen an orthopedic and an ophthalmologist. She has also seen an audiologist.

The mother reports that the patient has a lot of therapies. She has seen an orthopedic and an ophthalmologist. She has also seen an audiologist.

The mother reports that the patient has a lot of therapies. She has seen an orthopedic and an ophthalmologist. She has also seen an audiologist.

The mother reports that the patient has a lot of therapies. She has seen an orthopedic and an ophthalmologist. She has also seen an audiologist.

The mother reports that the patient has a lot of therapies. She has seen an orthopedic and an ophthalmologist. She has also seen an audiologist.

The mother reports that the patient has a lot of therapies. She has seen an orthopedic and an ophthalmologist. She has also seen an audiologist.

The mother reports that the patient has a lot of therapies. She has seen an orthopedic and an ophthalmologist. She has also seen an audiologist.

The mother reports that the patient has a lot of therapies. She has seen an orthopedic and an ophthalmologist. She has also seen an audiologist.

The mother reports that the patient has a lot of therapies. She has seen an orthopedic and an ophthalmologist. She has also seen an audiologist.

The mother reports that the patient has a lot of therapies. She has seen an orthopedic and an ophthalmologist. She has also seen an audiologist.

The mother reports that the patient has a lot of therapies. She has seen an orthopedic and an ophthalmologist. She has also seen an audiologist.

The mother reports that the patient has a lot of therapies. She has seen an orthopedic and an ophthalmologist. She has also seen an audiologist.

The mother reports that the patient has a lot of therapies. She has seen an orthopedic and an ophthalmologist. She has also seen an audiologist.

The mother reports that the patient has a lot of therapies. She has seen an orthopedic and an ophthalmologist. She has also seen an audiologist.

The mother reports that the patient has a lot of therapies. She has seen an orthopedic and an ophthalmologist. She has also seen an audiologist.

The mother reports that the patient has a lot of therapies. She has seen an orthopedic and an ophthalmologist. She has also seen an audiologist.

The mother reports that the patient has a lot of therapies. She has seen an orthopedic and an","CHIEF COMPLAINT

Renal screening tests.

HISTORY OF PRESENT ILLNESS

Katherine Lopez is a 22-month-old female, born at 34 weeks +3 days gestation, diagnosed with the rare Smith-Magenis syndrome and associated global developmental delays. She was referred to nephrology by genetics who recommended renal screening tests. At birth, the patient weighed 4 pounds 8 ounces, exhibited difficulties during eating where she would stop breathing, and challenges regulating her body temperature; determined to be typical issues associated with premature birth. The patient has seen many specialists, including GI for severe reflux, a dietitian who recommended discontinuing consumption of cow's milk, and a neurologist who diagnosed her with Smith-Magenis syndrome. Additionally, she has been seen by a geneticist, orthopedist, ophthalmologist, and audiologist. The patient is not ambulatory, did not sit up unassisted until 1 years old, and is currently crawling and attempting to take steps. She will be starting speech therapy in the next few weeks, and currently she is in occupational, feeding, and physical therapy. The geneticist informed the patient's mother that patients with Smith-Magenis syndrome usually have kidney issues where ""the kidneys fuse into one"" and issues with their legs.

The patient has approximately 8 to 10 wet diapers in a 24-hour period. Her mother notes that she is doing better with drinking fluids and she urinates ""a lot"". The patient drinks Ripple Pea Protein milk instead of cow's milk, water and water mixed with a small amount of juice. Her twin sister is approximately the same size, and their weight is essentially the same, she is healthy, and the mom denies any known health concerns or diagnoses. The mom states that Katherine is shorter and seems chubbier related to her syndrome. She also has a 9-year-old brother who is diagnosed with autism.

BIRTH HISTORY

Twin gestation. Birth weight 4 pounds 8 ounces.

PAST HISTORY

Medical
Smith-Magenis syndrome.

SOCIAL HISTORY

Patient accompanied to appointment by her mother.
Sibling: 9-year-old brother and twin sister.

FAMILY HISTORY

Brother: 9 years old, positive for autism.
Twin sister: absence of Smith-Magenis syndrome, no known health conditions.
No known family history of genetic conditions, kidney failure, dialysis, or kidney transplant.

PHYSICAL EXAM

Constitutional
Well-nourished female, slightly fussy when examined.

Eyes
Presences of microphthalmia.

Genitourinary
Normal external female genitalia.

Musculoskeletal
Extremities: Presence of mild hypotonia of lower extremities and the arms.

ASSESSMENT

• Smith-Magenis syndrome.
Katherine is a 22-month-old former 34+3-week-old twin with Smith-Magenis syndrome.
Several organ systems can be affected by this chromosomal deletion syndrome and congenital anomalies of the kidney and urinary tract have been reported in the literature.

PLAN

We will obtain a kidney ultrasound screening today. If there are abnormalities on the kidney ultrasound, we will determine the next steps and future follow-up. The family lives in Dallas, Georgia, so her follow-up should be at the Town Center location.

INSTRUCTIONS

Complete ultrasound today. I will call patient with results and possible next steps."
"CHIEF COMPLAINT

Wrist fracture.

HISTORY OF PRESENT ILLNESS

Diana is a pleasant 24-year-old female who presents to the clinic today for the evaluation of a right wrist injury. The patient states that she was doing laundry and slipped and fell down the stairs. She states that she tried to catch herself with her arms out and her wrist started to hurt. She states that she has been icing the area and taking ibuprofen. She states that she has been wearing an Ace wrap at home. She states that she has not had any previous injuries to her right arm. She states that she has been taking ibuprofen and it has been helping her. She states that she has been icing the area and it has been helping her. She states that she has been taking ibuprofen and it has been helping her. She states that she has been icing the area and it has been helping her. She states that she has been taking ibuprofen and it has been helping her. She states that she has been icing the area and it has been helping her. She states that she has been taking ibuprofen and it has been helping her. She states that she has been icing the area and it has been helping her. She states that she has been taking ibuprofen and it has been helping her. She states that she has been icing the area and it has been helping her. She states that she has been taking ibuprofen and it has been helping her. She states that she has been icing the area and it has been helping her. She states that she has been taking ibuprofen and it has been helping her. She states that she has been icing the area and it has been helping her. She states that she has been taking ibuprofen and it has been helping her. She states that she has been icing the area and it has been helping her. She states that she has been taking ibuprofen and it has been helping her. She states that she has been icing the area and it has been helping her. She states that she has been taking ibuprofen and it has been helping her. She states that she has been icing the area and it has been helping her. She states that she has been taking ibuprofen and it has been helping her. She states that she has been icing the area and it has been helping her. She states that she has been taking ibuprofen and it has been helping her. She states that she has been icing the area and it has been helping her. She states that she has been taking ibuprofen and it has been helping her. She states that she has been icing the area and it has been helping her. She states that she has been taking ibuprofen and it has been helping her. She states that she has been icing the area and it has been helping her. She states that she has been taking ibuprofen and it has been helping her. She states that she has been icing the area and it has been helping her. She states that she has been taking ibuprofen and it has been helping her. She states that she has been icing the area and it has been helping her. She states that she has been taking ibuprofen and it has been helping her. She states that she has been icing the area and it has been helping her. She states that she has been taking ibuprofen and it has been helping her. She states that she has been icing the area and it has been helping her. She states that she has been taking ibuprofen and it has been helping her. She states that she has been icing the area and it has been helping her. She states that she has been taking ibuprofen and it has been helping her. She states that she has been icing the area and it has been helping her. She states that she has been taking ibuprofen and it has been helping her. She states that she has been icing the area and it has been helping her. She states that she has been taking ibuprofen and it has been helping her. She states that she has been icing the area and it has been helping her. She states that she has been taking ibuprofen and it has been helping her. She states that she has been icing the area and it has been helping her. She states that she has been taking ibuprofen and it has been helping her. She states that she has been icing the area and it has been helping her. She states that she has been taking ibuprofen and it has been helping her. She states that she has been icing the area and it has been helping her. She states that she has been taking ibuprofen and it has been helping her. She states that she has been icing the area and it has been helping her. She states that she has been taking ibuprofen and it has been helping her. She states that she has been icing the area and it has been helping her. She states that she has been taking ibuprofen and it has been helping her. She states that she has been icing the area and it has been helping her. She states that she has been taking ibuprofen and it has been helping her. She states that she has been icing the area and it has been helping her. She states that she has been taking ibuprofen and it has been helping her. She states that she has been icing the area and it has been helping her. She states that she has been taking ibuprofen and it has been helping her. She states that she has been icing the area and it has been helping her. She states that she has been taking ibuprofen and it has been helping her. She states that she has been icing the area and it has been helping her. She states that she has been taking ibuprofen and it has been helping her. She states that she has been icing the area and it has been helping her. She states that she has been taking ibuprofen and it has been helping her. She states that she has been icing the area and it has been helping her. She states that she has been taking ibuprofen and it has been helping her. She states that she has been icing the area and it has been helping her. She states that she has been taking ibuprofen and it has been helping her. She states that she has been icing the area and it has been helping her. She states that she has been taking ibuprofen and it has been helping her. She states that she has been icing the area and it has been helping her. She states that she has been taking ibuprofen and it has been helping her. She states that she has been icing the area and it has been helping her. She states that she has been taking ibuprofen and it has been helping her. She states that she has been icing the area and it has been helping her. She states that she has been taking ibuprofen and it has been helping her. She states that she has been icing the area and it has been helping her. She states that she has been taking ibuprofen and it has been helping her. She states that she has been icing the area and it has been helping her. She states that she has been taking ibuprofen and it has been helping her. She states that she has been icing the area and it has been helping her. She states that she has been taking ibuprofen and it has been helping her. She states that she has been icing the area and it has been helping her. She states that she has been taking ibuprofen and it has been helping her. She states that she has been icing the area and it has been helping her. She states that she has been taking ibuprofen and it has been helping her. She states that she has been icing the area and it has been helping her. She states that she has been taking ibuprofen and it has been helping her. She states that she has been icing","CHIEF COMPLAINT

Right wrist injury.

HISTORY OF PRESENT ILLNESS

Diana Scott is a pleasant 61-year-old female who presents to the clinic today for the evaluation of a right wrist injury. The patient sustained this injury yesterday morning, 05/12/2022, when she slipped on the stairs while carrying a laundry basket. She states she tried to catch herself with her arms outstretched. The patient reports an immediate onset of pain and swelling in her right wrist. She denies any previous injuries to her right arm. The patient rates her pain level as a 9/10. Her pain is aggravated by movement. The patient also reports numbness and tingling in her fingers. She has been icing and wrapping her right wrist with an ACE wrap. The patient has also been taking ibuprofen, which provides some relief. She notes fully extending her arm while resting it on a pillow alleviates some of her pain as well.

The patient is going on vacation in 1 month.

REVIEW OF SYSTEMS

Musculoskeletal: Reports right wrist pain and swelling.
Neurological: Reports numbness and tingling to the digits of the right hand.

VITALS

Blood Pressure: Elevated at 140/70 mmHg.
Heart Rate: 80 beats per minute.
Respiratory Rate: 20 breaths per minute.
Body Temperature: 97.2 degrees F.
HEAD: Normocephalic
NECK: No swelling noted
CV: No bilateral lower extremity edema. No carotid bruit. No murmurs, gallops or rubs heard during auscultation of the heart. Palpabale pulses to the bilateral lower extremities.
RESPIRATORY: Normal respiratory effort no respiratory distress. Lungs clear to auscultation bilaterally.
GI/GU: Non-distended
BACK: No evidence of trauma or deformity
NECK: No adenopathy. No thyromegaly.
MSK: Examination of the right wrist: Limited range of movement. Tenderness to palpation. Pain on flexion and extension. Pain with radial deviation and lateral deviation. Pain with wrist abduction and adduction. The metacarpals are intact. Obvious swelling and bruising. Tenderness on palpation throughout. There is evidence of potential fracture feeling and bony crepitus.

RESULTS

X-rays of the right wrist were taken today. These reveal the fracture appears extra-articular and proximal to the radioulnar joint. Dorsal angulation of the distal fracture fragment is present to a variable degree. Dorsal angulation is severe, presenting with a dinner fork deformity. An ulnar styloid fracture is present.

ASSESSMENT

Right wrist Colles fracture.

PLAN

After reviewing the patient's examination and radiographic findings today, I have discussed with the patient that her x-rays revealed a right wrist Colles fracture. We discussed treatment options and I have recommended that we proceed with a right wrist ORIF and all indicated procedures. We reviewed the risks, benefits, and alternatives of the surgery. I explained that we should schedule the operation for as soon as possible to ensure adequate healing and to limit malformation of the wrist. I advised that this procedure will require her to be admitted to the hospital for an overnight stay.

In the meantime, the patient will be placed in a thumb spica brace and receive instructions on its proper usage. I have prescribed the patient Ultram 50 mg every 6 hours to treat her pain. We also discussed that her postoperative course will include wearing a brace for 6 weeks. A few weeks after surgery, the patient will initiate formal physical therapy and will attend 3 times per week to strengthen her right wrist. The patient has a 2-week vacation planned in 1 month. I recommended that we consult with her physical therapist to determine if there are exercises she can perform on her own instead of postponing her vacation.

INSTRUCTIONS

The patient will follow up with me in 4 weeks status post surgery to discuss her progress."
"CHIEF COMPLAINT

Right knee pain.

MEDICAL HISTORY

Patient reports a history of hypertension.

MEDICATIONS

Patient reports taking lisinopril 20 mg.

REVIEW OF SYSTEMS

Cardiovascular: Denies chest pain.
Gastrointestinal: Denies abdominal pain.
Respiratory: Denies shortness of breath.

PHYSICAL EXAM

Cardiovascular
- Auscultation of Heart: Grade 2 out of 6 systolic ejection murmur.

Respiratory
- Auscultation of Lungs: Clear bilaterally. No wheezes or crackles.

Musculoskeletal
- Examination of the right knee: Pain to palpation of the medial aspect of the right knee. Pain with flexion and extension. Edema and effusion noted around the knee.

RESULTS

X-ray of the right knee: No fractures or bony abnormalities.

ASSESSMENT AND PLAN

1. Right knee pain.
- Medical Reasoning: The patient sustained a fall and twisted his knee. He has pain with flexion and extension. He has some edema and effusion. X-rays were unremarkable.
- Patient Education and Counseling: I explained to the patient that he has a medial collateral ligament strain. I advised him to elevate his leg and stay off his leg for a couple of weeks.
- Medical Treatment: I am going to prescribe ibuprofen 800 mg twice a day for pain and swelling. I am also going to put him in a knee brace to support the muscles. He can ice the knee for 20 minutes at a time 3 to 4 times a day.

2. Hypertension.
- Medical Reasoning: The patient is currently taking lisinopril 20 mg. His blood pressure is elevated today at 150/70.
- Patient Education and Counseling: I advised the patient that his diet is a little bit out of control. I encouraged him to reduce his sodium intake to 2300 mg per day.
- Medical Treatment: He will continue taking lisinopril 20 mg. I am going to refer him to nutrition for help with his diet.

Patient Agreements: The patient understands and agrees with the recommended medical treatment plan.","CHIEF COMPLAINT

Right knee pain.

REVIEW OF SYSTEMS

Cardiovascular: Denies chest pain.
Respiratory: Denies shortness of breath.
Gastrointestinal: Denies abdominal pain.
Musculoskeletal: Reports right knee pain.

PHYSICAL EXAM

Respiratory
- Auscultation of Lungs: Clear bilaterally. No wheezes.

Cardiovascular
- Auscultation of Heart: Grade 2/6 systolic ejection murmur. Some edema and effusion noted around the right knee.

Musculoskeletal
- Examination: Right knee
- Palpation: Pain to palpation of the medial aspect. No pain to palpation of the lateral aspect.
- ROM: Pain with flexion and extension.
-Some effusion noted around the right knee.

RESULTS

X-rays of the right knee were taken. These show no fractures or bony abnormalities.

ASSESSMENT AND PLAN

1. Right knee MCL strain.
- Medical Reasoning: Based on the physical examination findings, the patient has a MCL strain of the right knee. - Medical Treatment: I have prescribed ibuprofen 800 mg twice a day. I will also place him in a knee brace. I advised him to ice the knee for 20 minutes at a time for 3 to 4 times a day. The patient was instructed to elevate his leg as needed and avoid strenuous activities for 2-3 weeks.

2. Hypertension.
- Medical Treatment: The patient will continue lisinopril 20 mg daily. I have also provided a referral to see a nutritionist for dietary changes.

Patient Agreements: The patient understands and agrees with the recommended medical treatment plan."
"CHIEF COMPLAINT

Left shoulder pain.

HISTORY OF PRESENT ILLNESS

Wayne is a pleasant 54-year-old male who presents to the clinic today for the evaluation of left shoulder pain. The patient reports that he has had pain in his left shoulder for approximately 3 weeks. He is unable to recall any specific injury. He has been taking two extra-strength Tylenol every 6 to 8 hours for pain. He reports that the pain is constant and worsens with pressure. He also reports that the pain is unbearable when he is lying down on his left shoulder. He denies any numbness or tingling in his arms or hands.

The patient reports that he has been renovating his basement and is unsure if this is the cause of his pain. He denies any previous shoulder pain.

REVIEW OF SYSTEMS

Musculoskeletal: Reports left shoulder pain.
Neurological: Denies numbness or tingling in the left arm or hands.

PHYSICAL EXAM

Vitals: Within normal limits.

Musculoskeletal
Examination of the left shoulder: Limited active and passive range of motion. Tenderness of the greater tuberosity of the humerus. No tenderness at the sternoclavicular or acromioclavicular joints. Good hand grips.

Neurological
Examination of the left arm: Capillary refill is less than 3 seconds. Sensation is intact to light touch.

RESULTS

X-ray of the left shoulder: No fractures.

ASSESSMENT

Left shoulder pain.

Medical Reasoning:
The patient's symptoms are most likely due to a rotator cuff tendinopathy.

Plan:
1. MRI of the left shoulder to be performed.
2. Referral to physical therapy for 6 to 8 weeks.
3. Continue Tylenol as needed.
4. Consider steroid injection if symptoms do not improve.

INSTRUCTIONS

The patient will follow up in the clinic after completing his physical therapy.","CHIEF COMPLAINT

Left shoulder pain.

HISTORY OF PRESENT ILLNESS

Wayne Taylor is a pleasant 66-year-old male who presents to the clinic today for the evaluation of left shoulder pain. The onset of his pain began 3 weeks ago. He denies any specific injury. The patient states he is active and has been renovating his basement. He reports a history of intermittent aches and pains in his left shoulder. He has difficulty reaching for or lifting any objects. He adds that he avoids reaching overhead secondary to the pain. The patient describes his pain as constant and worsening. He notes his pain is unbearable when lying on his left shoulder at night. He denies any numbness or tingling in the bilateral upper extremities. He has been taking 2 Extra Strength Tylenol every 6 to 8 hours, which provides some relief.

REVIEW OF SYSTEMS

Musculoskeletal: Reports left shoulder pain. Neurological: Denies numbness or tingling in the bilateral upper extremities.

VITALS

All vital signs are within the normal limits.

PHYSICAL EXAM

Capillary refill is less than 3 seconds.

NEURO: Normal sensation. Sensation is intact to light touch in the left upper extremity.
MSK: Examination of the left shoulder: Limited active and passive ROM. Tenderness over the greater tuberosity of the humerus. No tenderness at the sternoclavicular or acromioclavicular joints. Good hand grip.

RESULTS

X-rays of the left shoulder were obtained and are reviewed today. These reveal there are no fractures.

ASSESSMENT

Left shoulder pain, most likely due to rotator cuff tendinopathy.

PLAN

After reviewing the patient's examination and radiographic findings today, I have had a lengthy discussion with the patient in regard to his current symptoms. I have explained to him that his symptoms are most likely due to rotator cuff tendinopathy. I recommend obtaining an MRI of the left shoulder to further assess the rotator cuff. I will also refer him to formal physical therapy to strengthen his left shoulder for approximately 6 to 8 weeks. The patient was provided with educational materials regarding expectations related to his physical therapy. He may continue to take Tylenol as needed. If his symptoms do not improve with physical therapy, we will consider a steroid injection to the left shoulder. All questions were answered.

INSTRUCTIONS

The patient will follow up with me after he has completed his course of physical therapy."
"CHIEF COMPLAINT

Left knee pain.

HISTORY OF PRESENT ILLNESS

Andrea is a pleasant 64-year-old female who presents to the clinic today for the evaluation of left knee pain. The patient states that she has intermittent pain in her left knee that occurs less than once a day when she is walking. She states that she feels like her knee ""gives out"" and she thinks she is going to fall. She denies any injury to her knee. She denies any popping or pain at the time of injury. She denies any pain at this time. She states that she has been holding a grocery cart to help with balance. She denies any pain at this time. She denies any pain at this time. She denies any pain at this time. She denies any pain at this time. She denies any pain at this time. She denies any pain at this time. She denies any pain at this time. She denies any pain at this time. She denies any pain at this time. She denies any pain at this time. She denies any pain at this time. She denies any pain at this time. She denies any pain at this time. She denies any pain at this time. She denies any pain at this time. She denies any pain at this time. She denies any pain at this time. She denies any pain at this time. She denies any pain at this time. She denies any pain at this time. She denies any pain at this time. She denies any pain at this time. She denies any pain at this time. She denies any pain at this time. She denies any pain at this time. She denies any pain at this time. She denies any pain at this time. She denies any pain at this time. She denies any pain at this time. She denies any pain at this time. She denies any pain at this time. She denies any pain at this time. She denies any pain at this time. She denies any pain at this time. She denies any pain at this time. She denies any pain at this time. She denies any pain at this time. She denies any pain at this time. She denies any pain at this time. She denies any pain at this time. She denies any pain at this time. She denies any pain at this time. She denies any pain at this time. She denies any pain at this time. She denies any pain at this time. She denies any pain at this time. She denies any pain at this time. She denies any pain at this time. She denies any pain at this time. She denies any pain at this time. She denies any pain at this time. She denies any pain at this time. She denies any pain at this time. She denies any pain at this time. She denies any pain at this time. She denies any pain at this time. She denies any pain at this time. She denies any pain at this time. She denies any pain at this time. She denies any pain at this time. She denies any pain at this time. She denies any pain at this time. She denies any pain at this time. She denies any pain at this time. She denies any pain at this time. She denies any pain at this time. She denies any pain at this time. She denies any pain at this time. She denies any pain at this time. She denies any pain at this time. She denies any pain at this time. She denies any pain at this time. She denies any pain at this time. She denies any pain at this time. She denies any pain at this time. She denies any pain at this time. She denies any pain at this time. She denies any pain at this time. She denies any pain at this time. She denies any pain at this time. She denies any pain at this time. She denies any pain at this time. She denies any pain at this time. She denies any pain at this time. She denies any pain at this time. She denies any pain at this time. She denies any pain at this time. She denies any pain at this time. She denies any pain at this time. She denies any pain at this time. She denies any pain at this time. She denies any pain at this time. She denies any pain at this time. She denies any pain at this time. She denies any pain at this time. She denies any pain at this time. She denies any pain at this time. She denies any pain at this time. She denies any pain at this time. She denies any pain at this time. She denies any pain at this time. She denies any pain at this time. She denies any pain at this time. She denies any pain at this time. She denies any pain at this time. She denies any pain at this time. She denies any pain at this time. She denies any pain at this time. She denies any pain at this time. She denies any pain at this time. She denies any pain at this time. She denies any pain at this time. She denies any pain at this time. She denies any pain at this time. She denies any pain at this time. She denies any pain at this time. She denies any pain at this time. She denies any pain at this time. She denies any pain at this time. She denies any pain at this time. She denies any pain at this time. She denies any pain at this time. She denies any pain at this time. She denies any pain at this time. She denies any pain at this time. She denies any pain at this time. She denies any pain at this time. She denies any pain at this time. She denies any pain at this time. She denies any pain at this time. She denies any pain at this time. She denies any pain at this time. She denies any pain at this time. She denies any pain at this time. She denies any pain at this time. She denies any pain at this time. She denies any pain at this time. She denies any pain at this time. She denies any pain at this time. She denies any pain at this time. She denies any pain at this time. She denies any pain at this time. She denies any pain at this time. She denies any pain at this time. She denies any pain at this time. She denies any pain at this time. She denies any pain at this time. She denies any pain at this time. She denies any pain at this time. She denies any pain at this time. She denies any pain at this time. She denies any pain at this time. She denies any pain at this time. She denies any pain at this time. She denies any pain at this time. She denies any pain at this time. She denies any pain at this time. She denies any pain at this time. She denies any pain at this time. She denies any pain at this time. She denies any pain at this time. She denies any pain at this time. She denies any pain at this time. She denies any pain at this time. She denies any pain at this time. She denies any pain at this time. She denies any pain at this time. She denies any pain at this time. She denies any pain at this time. She denies any pain at this time. She denies any pain at this time. She denies any pain at this time. She denies any pain at this time. She denies any pain at this time. She denies any pain at this time. She denies any pain at","CHIEF COMPLAINT

Left knee pain.

HISTORY OF PRESENT ILLNESS

Andrea Barnes is a 34-year-old female who presents today for evaluation of left knee pain.

The patient has been experiencing intermittent episodes of pain and sudden instability with ambulation. Her pain is localized deep in her patella and occurs less than once daily. Due to the fleeting nature of these episodes, she has not taken medication and simply braces herself until it passes. She denies any trauma or injury, or ever hearing or feeling a pop in the knee. Her symptoms do not interfere with her daily activities and she does not use a cane.

Regarding her hypertension, it has been several days since she last checked her blood pressure at home, but it was approximately 120/70 mmHg at that time. Her current medications include amlodipine, lisinopril, and hydrochlorothiazide, all of which she takes on a regular basis.

In terms of her diabetes, her fasting morning blood glucose levels have been approximately 130 based on home monitoring. This is slightly higher than usual, even though she has been compliant with metformin and Farxiga. She does try to avoid eating late at night.

MEDICAL HISTORY

Patient reports a personal history of hypertension and type 2 diabetes.

SOCIAL HISTORY

Patient likes to travel and is planning a trip to Columbus, Georgia in the next month or so. She is part of the Lion's Club.

MEDICATIONS

Patient reports that she is taking amlodipine, lisinopril 20 mg once daily, hydrochlorothiazide, Metformin, and Farxiga.

REVIEW OF SYSTEMS

Musculoskeletal: Reports left knee pain and instability,

VITALS

Temperature: 98.2 degrees F
Heart rate: 72 bpm
Respirations: 16
Blood pressure: 122/70 mmHg

PHYSICAL EXAM

MSK: Examination of the right knee: No ecchymosis or edema. No effusion. No pain with palpation.
Examination of the left knee: Full range of motion. Negative varus and valgus stress test.

RESULTS

X-rays were obtained and reviewed today. These reveal no evidence of fracture or bony abnormality.

ASSESSMENT

1. Left knee pain.
2. Hypertension.
3. Diabetes mellitus type 2.

PLAN

After reviewing the patients x-rays, I believe there is some arthritis in the knee. I'm going to prescribe meloxicam 15 mg once daily. We can consider physical therapy to strengthen the muscles around the area to prevent any further issues.

Her hypertension is well controlled with her current medication regimen. She can continue with lisinopril 20 mg once daily. I'm also going to order an echocardiogram for further evaluation of the murmur heard on exam.

She has been compliant with metformin as prescribed, but her blood glucose levels have been slightly elevated recently. I'm going to order a lipid panel, as well as a hemoglobin A1c to determine if any adjustments need to be made to her dose of metformin."
"CHIEF COMPLAINT

Follow-up of stage 3 nonsmall cell lung cancer.

HISTORY OF PRESENT ILLNESS

Beverly is a 53-year-old female who presents for a follow-up of stage 3 nonsmall cell lung cancer. She was diagnosed with a 4.4 cm left upper lobe nodule. A biopsy was positive for adenocarcinoma. Molecular testing is pending at this time.

The patient is currently on a combination of two different chemotherapies, Cisplatin and Etoposide. She had her last treatment just a few days ago. She is tolerating the nausea and fatigue.

REVIEW OF SYSTEMS

• Respiratory: Endorses a lingering light dry cough.
• Gastrointestinal: Endorses sore throat. Denies nausea, vomiting, or dysphagia.
• Constitutional: Endorses fatigue.

PHYSICAL EXAM

• Neck: No cervical lymphadenopathy or supraclavicular adenopathy.
• Respiratory: Bilateral crackles in the lungs.
• Cardiovascular: Regular rate and rhythm with no murmurs.
• Integumentary: Erythema on the anterior chest on the left side.
• Musculoskeletal: No edema in the lower extremities.

RESULTS

Chest x-ray reveals mild radiation pneumonitis.

ASSESSMENT AND PLAN

1. Stage 3 nonsmall cell lung cancer.
• Medical Reasoning: The patient is currently on a combination of two different chemotherapies, Cisplatin and Etoposide. She is tolerating the nausea and fatigue.
• Medical Treatment: Continue with the current regimen of chemotherapy of the Cisplatin and the Etoposide. Continue with her current dose of radiation at 45 grade. When that is complete, we will repeat some imaging and hopefully the tumor will shrink down enough that we can remove it surgically.

2. Radiation pneumonitis.
• Medical Reasoning: This is causing that cough as well as some of the shortness of breath.
• Medical Treatment: I am going to prescribe her a low dose of prednisone. She will take 40 mg daily for 5 days.

3. Painful swallowing.
• Medical Reasoning: This is likely due to inflammation of the esophagus as well.
• Medical Treatment: She will take the prednisone and also be given a lidocaine swish and swallow. She can do this four times a day. This will help with the inflammation and help her eat immediately after taking it. It can also help her continue to take food and fluids, prevent dehydration, and any further weight loss.

Patient Agreements: The patient understands and agrees with the recommended medical treatment plan.","CHIEF COMPLAINT

Follow up of stage III non-small cell lung cancer.

MEDICAL HISTORY

Patient reports history of stage III non-small cell lung cancer.

SOCIAL HISTORY

Patient reports having a good family support system and that some of her family has accompanied her to her chemotherapy sessions.

MEDICATIONS

Patient reports she is currently receiving chemotherapy treatment consisting of Cisplatin and etoposide.

REVIEW OF SYSTEMS

Constitutional: Reports fatigue and decrease in appetite.
HENT: Reports sore throat. Denies dysphagia.
Respiratory: Reports dry cough. Denies shortness of breath.
Gastrointestinal: Denies nausea or vomiting

VITALS

Vitals are within normal limits including oxygen saturation.

PHYSICAL EXAM

Neck
No cervical lymphadenopathy or supraclavicular adenopathy.

Respiratory
- Auscultation of Lungs: Crackles heard bilaterally.

Cardiovascular
- Auscultation of Heart: Regular rate and rhythm. No murmurs.

Musculoskeletal
- Examination: No edema.

Integumentary
- Erythema noted on the anterior side of the chest on the left side possibly related to radiation.

Hematology/Lymphatic/Immunology
- Palpation: No enlarged lymph nodes.

RESULTS

Chest x-ray is reviewed and demonstrates mild radiation pneumonitis.

ASSESSMENT AND PLAN

1. Stage III non-small cell lung cancer.
- Medical Reasoning: The patient has a recent diagnosis of stage III non-small cell lung cancer. Biopsy was positive for adenocarcinoma. Molecular testing is pending at this time.
- Medical Treatment: We are going to continue with the current regimen of combination chemotherapy consisting of Cisplatin and etoposide. We are also going to continue with her current dose of radiation at 45 Gy. Once this is complete, we will obtain repeat imaging in hopes that the tumor will decrease in size enough for surgical removal.

2. Radiation pneumonitis.
- Medical Reasoning: The patient is experiencing a persistent dry cough. Recent x-rays are reviewed and demonstrated evidence of mild radiation pneumonitis.
- Patient Education and Counseling: We discussed the etiology of her dry cough is from her mild radiation pneumonitis.
- Medical Treatment: A prescription of prednisone 40 mg daily for 5 days is provided to help with her inflammation.

3. Painful swallowing.
- Medical Reasoning: The patient is experiencing painful swallowing secondary to inflammation of the esophagus.
- Patient Education and Counseling: We discussed the etiology of her painful swallowing and that a lidocaine viscous solution will be beneficial in preventing dehydration and any further weight loss.
- Medical Treatment: A lidocaine viscous solution was provided to be performed 4 times daily.

Patient Agreements: The patient understands and agrees with the recommended medical treatment plan.

INSTRUCTIONS

The patient will return to clinic at her next scheduled follow up."
"CHIEF COMPLAINT

Low immunoglobulin A level.

HISTORY OF PRESENT ILLNESS

Kyle is a pleasant 54-year-old male who presents to the clinic today for an evaluation of a low immunoglobulin A level. He was referred to me by his primary care physician. He states that he has been having frequent infections. He denies any abdominal infections, diarrhea, or frequent infections. He denies any family members with immune deficiencies. He denies any history of blood transfusions or blood products. He states that he recently traveled to Zambia. He is currently taking metformin for type 2 diabetes.

REVIEW OF SYSTEMS

Constitutional: Denies fever.
Respiratory: Denies frequent infections.
Gastrointestinal: Denies diarrhea.

PHYSICAL EXAM

Vitals: Within normal limits.
Neck: No lymphadenopathy.
Respiratory: Lungs are clear to auscultation. No wheezes, rales, or rhonchi.
Cardiovascular: Regular rate and rhythm. No murmurs.
Gastrointestinal: Abdomen is soft. No tenderness to palpation. No facial grimacing.

RESULTS

The results of his recent lab work are consistent with an IgA deficiency.

ASSESSMENT AND PLAN

1. IgA deficiency.
- Medical Reasoning: This is a common immunodeficiency. Most people live their entire life without even knowing they have that deficiency and function perfectly normal. Some people may find that they get frequent respiratory tract or sinus or abdominal infections but this does not necessarily seem to be the case for him. It can go along with other immunodeficiencies but I think there is a low likelihood hood in his case. We are going to order some additional blood work that includes checking those other antibodies.
- Patient Education and Counseling: I explained to the patient that his IgA level is low but that most people live their entire life without even knowing they have that deficiency and function perfectly normal. I advised him that he should watch for infections that do not stop and that he should have trouble getting it under control or any changes to his abdominal tract. I advised him that if he ends up needing any blood products between now and when he sees me next, he should make sure he tells them that he has that IgA deficiency.

Patient Agreements: The patient understands and agrees with the recommended medical treatment plan.","HISTORY OF PRESENT ILLNESS

Kyle Lee is a pleasant 46-year-old male who presents to the clinic today for evaluation of low immunoglobulin A level. He was referred to our offices by his primary care physician after routine labs revealed abnormalities. The patient states he has been experiencing frequent infections. During the winter months, he experiences frequent colds that tend to linger, however this is not uncommon for him. The patient denies abdominal issues or diarrhea.

The patient was recently diagnosed with type 2 diabetes. He is currently taking metformin.

MEDICAL HISTORY

Patient denies a history of blood transfusions.

SOCIAL HISTORY

He recently traveled internationally on a trip to Zambia. His family owns a local doughnut shop.

FAMILY HISTORY

Patient denies a family history of immune deficiencies.

REVIEW OF SYSTEMS

Gastrointestinal: Denies abdominal issues or diarrhea.

VITALS

Temperature: Normal.
All other vitals were reviewed and are within normal limits.

PHYSICAL EXAM

NECK: No swelling noted. No lymphadenopathy.
CV: Normal heart rhythm with no murmurs.
RESPIRATORY: Lungs are clear. There's no wheezes, rales, or rhonchi.
Gastrointestinal: Abdomen is soft and without tenderness.

RESULTS

I did review the results of her recent lab work. It is consistent as her primary care physician noted with an IgA deficiency.

ASSESSMENT

IgA deficiency.

PLAN

After reviewing the patient's examination today, I have had a lengthy discussion with the patient in regards to his current symptoms. I have explained to him that the results of his recent lab work is consistent with an IgA deficiency. I have recommended that we obtain additional blood work to check his other antibodies. I encouraged the patient to be aware of lingering infections or abdominal changes including diarrhea. If he experiences these issues, he should report them to my office so we may investigate further, however I do not believe there is a need for that at this time. In the meantime, he should report this IgA deficiency in the event that he needs any blood transfusions. Questions were invited and answered today."
"CHIEF COMPLAINT

Right elbow pain.

HISTORY OF PRESENT ILLNESS

Lawrence is a pleasant 54-year-old male who presents to the clinic today for an evaluation of right elbow pain. The patient states that he has been doing a lot of pottery and over the past week he has developed elbow pain. He denies any trauma. He denies any previous injuries to his right elbow. He states that the pain is located on the medial aspect of his elbow. He denies any radiation of pain into his shoulder. He states that the pain is a 6/10 in severity and it does keep him up at night. He states that the pain is interfering with his ability to work and lift. He has tried ibuprofen which has provided minimal relief.

REVIEW OF SYSTEMS

Musculoskeletal: Reports right elbow pain.
Psychiatric: Reports insomnia due to pain.

PHYSICAL EXAM

Vitals: Within normal limits.

Musculoskeletal
Examination of the right elbow: Positive for pain to palpation of the medial epicondyle. Positive for pain with pronation of the forearm. Positive for pain with resistance against flexion of the left wrist.

RESULTS

X-rays of the right elbow were obtained and reviewed today. These reveal no evidence of fracture or bony abnormality.

ASSESSMENT

Right elbow pain.

Medical Reasoning:
The patient's symptoms and exam findings are consistent with medial epicondylitis.

Plan:
1. We discussed the diagnosis of medial epicondylitis with the patient.
2. I have recommended that the patient wear a sling while he is awake.
3. I have recommended that the patient apply ice to the elbow for 20 minutes 3 times a day.
4. I have recommended that the patient take ibuprofen 600 mg q.6 h. with food for a full week.
5. I have advised the patient to avoid any pottery work for the next couple of weeks.

INSTRUCTIONS

The patient will follow up in one week.","CHIEF COMPLAINT

Right elbow pain.

HISTORY OF PRESENT ILLNESS

Lawrence Butler is a pleasant 45-year-old male who presents to the clinic today for the evaluation of right elbow pain.

Over the past week, the patient has developed 6/10 pain in the ""inside"" of his right elbow. The pain may radiate into his forearm on occasion, but does not extend up to his shoulder. He denies any history of trauma or injury, but he did start making pottery during the COVID-19 pandemic and suspects that his symptoms could be related to that. His symptoms affect his ability to lift objects or perform his typical activities of daily living. Ibuprofen provides minimal symptomatic relief.

SOCIAL HISTORY

The patient reports that he began making pottery during the COVID-19 pandemic.

MEDICATIONS

The patient reports that he has been taking ibuprofen.

REVIEW OF SYSTEMS

Musculoskeletal: Reports right elbow pain.

VITALS

Normal

PHYSICAL EXAM

MSK: Examination of the right elbow: Moderate tenderness at the medial epicondyle. No pain with supination of the forearm. Pain with pronation of the forearm. Pain with resistance against flexion of the wrist.

RESULTS

X-ray imaging of the right elbow was obtained and reviewed in office today. These reveal no evidence of fracture or bony abnormality.

ASSESSMENT

Right medial epicondylitis.

PLAN

The patient and I discussed his diagnosis in detail, and I explained that his symptoms are likely caused by overuse and potential damage of the tendons. We will provide him with sling to be worn during the day while he is awake. I want him to take ibuprofen 600 mg every 6 hours with food for a full week and ice the elbow for 20 minutes, 3 times daily. Finally, I advised the patient to rest his elbow and avoid doing any pottery for the next couple of weeks.

INSTRUCTIONS

The patient will follow up in 1 week."
"CHIEF COMPLAINT

Hypertension.

HISTORY OF PRESENT ILLNESS

David is a pleasant 64-year-old male who presents to the clinic today for a follow-up evaluation of hypertension. The patient was recently in the emergency department for chest pain and shortness of breath. He was found to have an ankle edema and a blood pressure of 200/90. He was found to have a 2/6 systolic ejection murmur. He was found to have a preserved ejection fraction of 55% on echocardiogram. He was found to have mild to moderate mitral regurgitation.

The patient admits to poor medication adherence. He states that he has been eating a lot of salty foods and pizza. He denies any problems with sleep. He denies any chest pain.

SOCIAL HISTORY

The patient is a smoker. He quit smoking approximately two years ago.

REVIEW OF SYSTEMS

• Cardiovascular: Endorses chest pain.
• Respiratory: Endorses shortness of breath.
• Gastrointestinal: Denies heartburn.

PHYSICAL EXAM

• Neck: No jugular venous distention.
• Respiratory: Lungs are clear bilaterally.
• Cardiovascular: 2/6 systolic ejection murmur.
• Musculoskeletal: Trace edema in the lower extremities.

RESULTS

Echocardiogram: Preserved ejection fraction of 55% and normal diastolic filling. Mild to moderate mitral regurgitation.

ASSESSMENT AND PLAN

David is a pleasant 64-year-old male who presents to the clinic today for a follow-up evaluation of hypertension.

Hypertension.
• Medical Reasoning: The patient was found to have a blood pressure of 200/90 in the emergency department. He was found to have a preserved ejection fraction of 55% on echocardiogram. He was found to have mild to moderate mitral regurgitation.
• Patient Education and Counseling: I advised the patient that his blood pressure was elevated and that he needs to be more consistent with his medications.
• Medical Treatment: Continue Cozaar 100 mg daily. Continue Norvasc 5 mg once daily.
• Additional Testing: Renal artery ultrasound ordered.
• Referrals: Referral to nutritionist.

Patient Agreements: The patient understands and agrees with the recommended medical treatment plan.

INSTRUCTIONS

The patient was instructed to call the office if he gains 3 pounds in 2 days for the hypertension that we have been treating.","CHIEF COMPLAINT

Follow up.

SOCIAL HISTORY

The patient has been trying to limit his tobacco use for 2 years. He reports smoking once every week.

MEDICATIONS

Bumex 2 mg once daily.
Cozaar 100 mg daily.
Norvasc 5 mg once daily.

REVIEW OF SYSTEMS

Constitutional: Denies problems sleeping.
Cardiovascular: Reports chest pain.
Respiratory: Reports shortness of breath.
Musculoskeletal: Reports bilateral ankle swelling.

VITALS

Blood pressure is 128/72 mm Hg. Other vital signs are within normal limits.

PHYSICAL EXAM

Neck
- General Examination: No JVD

Respiratory
- Auscultation of Lungs: Clear bilaterally.

Cardiovascular
- Auscultation of Heart: 2/6 stable systolic ejection murmur

Musculoskeletal
- Examination: Lower extremities show trace edema.

RESULTS

An echocardiogram, obtained at an outside facility, was reviewed today. It demonstrates a preserved ejection fraction of 55%. Normal diastolic filling. Mild to moderate mitral regurgitation.

ASSESSMENT AND PLAN

1. CHF.
- Medical Reasoning: The patient's recent epsiode resulting in the emergency room visit was likely caused by his dietary indiscretion and uncontrolled hypertension that we have been monitoring.
- Patient Education and Counseling: I reviewed the echocardiogram results with the patient and discussed the importance of following dietary restrictions. I encouraged the patient to take his medication on a consistent basis. I advised him to purchase a scale to weigh himself daily.
- Medical Treatment: He will continue Bumex 2 mg once daily. He was provided with a referral to a nutritionist in consultation for further assistance with his dietary requirements to lower his sodium intake.

2. Hypertension.
- Medical Reasoning: This is currently uncontrolled.
- Patient Education and Counseling: I explained the importance of taking his medication on a daily basis. I encouraged the patient to purchase a blood pressure cuff and track his blood pressures.
- Medical Treatment: He will continue Cozaar 100 mg daily as well as the Norvasc 5 mg once daily. I will order a renal artery ultrasound for further evaluation.

3. Systolic ejection murmur.
- Medical Reasoning. Stable.

Patient Agreements: The patient understands and agrees with the recommended medical treatment plan.

INSTRUCTIONS

The patient was instructed to call me if he gains 3 pounds in 2 days."
"CHIEF COMPLAINT

Right flank pain.

HISTORY OF PRESENT ILLNESS

Russell is a pleasant 54-year-old male who presents to the clinic today for the evaluation of right flank pain. The patient states that he has been having sharp pain on the right side of his abdomen below his ribs for the last several days. He was seen by his primary care physician who ordered a CT scan of the abdomen and found a kidney stone. The patient was referred to the Urology clinic for further management. The patient states that the pain radiates to his lower abdomen and into his groin. The pain is intermittent and is quite severe. The patient states that he is unable to find a comfortable position. He also notes that he has some burning with urination. He has been taking Tylenol for the pain, but it has not been helpful. The patient notes that he has a family history of kidney stones.

REVIEW OF SYSTEMS

Gastrointestinal: Positive for nausea. Denies vomiting.
Genitourinary: Positive for dysuria.
Constitutional: Denies fever. Denies chills.

PHYSICAL EXAM

Abdomen
- Examination: No tenderness to palpation. No evidence of any rebound or guarding. No peritoneal signs. Positive CVA tenderness on the right flank.

RESULTS

CT scan of the abdomen reveals a 0.5 cm kidney stone located in the proximal right ureter.

ASSESSMENT

Acute nephrolithiasis.

PLAN

After reviewing the patient's examination and CT scan findings today, I have had a lengthy discussion with the patient in regards to his current symptoms. I have explained to him that his CT scan revealed a 0.5 cm kidney stone located in the proximal right ureter. I have recommended that we treat his pain conservatively with fluids and oxycodone 5 mg every 6 to 8 hours as needed. I have also recommended that he continue to take Tylenol for pain. I have also recommended that he use a strainer to collect his urine to see if he can pass the stone. I have also recommended that we order a basic metabolic panel, urinalysis, and urine culture. I have also recommended that we follow up with the patient in 1 to 2 weeks to see how he is doing. If he is still symptomatic, we will discuss further treatment options such as lithotripsy or ureteroscopy.

INSTRUCTIONS

The patient was instructed to contact the office if he is having worsening symptoms.","CHIEF COMPLAINT

Right-sided abdominal pain

MEDICAL HISTORY

Patient reports history of kidney stones.

FAMILY HISTORY

Patient reports his father has a history of kidney stones.

MEDICATIONS

Patient reports use of Tylenol.

REVIEW OF SYSTEMS

Gastrointestinal: Reports right-sided abdominal pain and nausea. Denies vomiting
Genitourinary: Reports dysuria and dark colored urine. Denies hematuria.

PHYSICAL EXAM

Gastrointestinal
- Examination of Abdomen: No masses or tenderness to palpation. No rebound or guarding. No peritoneal signs. Positive CVA tenderness on the right flank.

RESULTS

Previous CT scan of the abdomen ordered by the patient's PCP is reviewed and demonstrates a 0.5 cm kidney stone located in the proximal right ureter. There is no evidence of hydronephrosis.

ASSESSMENT AND PLAN

1. Acute nephrolithiasis.
- Medical Reasoning: The patient presents with complaints of right-sided abdominal pain. His previous CT scan was reviewed and demonstrates a 0.5 cm kidney stone located in the proximal right ureter without evidence of hydronephrosis.
- Medical Treatment: I have recommended that he push fluids in order to help facilitate urination to help pass the stone. He will be provided with a strainer to allow us to potentially test the stone if he is able to pass it. I have also prescribed oxycodone 5 mg every 6 to 8 hours as needed for pain. He can continue to alternate oxycodone with Tylenol. A basic metabolic panel, urinalysis, and urine culture will also be ordered.

INSTRUCTIONS

He will follow up in 1 to 2 weeks. If he is still having symptoms at that time, we will discuss further treatment such as lithotripsy or ureteroscopy. He is to contact me if he is having worsening symptoms over the next week."
"CHIEF COMPLAINT

Right foot ulcer.

HISTORY OF PRESENT ILLNESS

Nicholas is a pleasant 64-year-old male who presents to the clinic today for the evaluation of a right foot ulcer. The patient states that he first noticed the ulcer approximately six weeks ago. He states that he was wearing a pair of shoes that were a bit too tight and he felt some burning and stinging. He looked down and saw a blister. He did not think too much of it because it was on the pad of the bottom of his foot around his heel. He had been walking on the front part of his foot. He started to notice a foul smell and his wife mentioned something to him the other day and he noticed his dog was also smelling his socks a lot. So they looked and saw that the blister had become unroofed or the top part of the skin of the blister became undone. Underneath it was just this really thick soft mushy skin that had a bad smell with some yellow drainage. He was referred to the primary care physician who then got him in to see me. He started him on some antibiotics about six days ago. He never had any nausea or vomiting but his wife checked his temperature and it was about 99.7. Then at one point he had to put on an extra blanket in bed because he had some chills. When he started the antibiotics it started to feel pretty good. We have now noticed that it has turned black around the outside of the wound and he is getting some cramping in his calf muscle as well. There was a red streak also that was coming up the front part of his ankle along the inside portion of his calf muscle. It is super super hot and so they wanted to take a look at it.

The patient has a history of diabetes and diabetic neuropathy. He used to be on an insulin pump and had an A1c of 13. He is now on insulin and has an A1c of 6.7. He rarely has a blood sugar that goes over 200. He checks his blood sugars two or three times a day. He has noticed that his sugars have probably been trending in the 3 to 4 hundreds the last two weeks. He had one spike at one point at 5 or 600 that got his wife's attention. He thinks that is also what made his wife call the primary care doc.

The patient is a hiker and enjoys going on hikes with his wife. They have been hiking to Charlie's Bunion about a week before this. He has a new pair of diabetic shoes and inserts. He gets those every year. He changes the inserts every three or four months. He has been in cruise control as far as that goes for some time. He did get a new pair of shoes. The prosthetist told him to check his feet every day for the first week or two. He did go hiking about the third or fourth day and I think that might be what caused it as he just went too far when he was hiking but yeah the trails are the trails are gorgeous they are open it is time to be outside and I am sorta stuck with this right now.

REVIEW OF SYSTEMS

Respiratory: Patient reports a cough.
Cardiovascular: Patient reports cramping in his calf muscle.

PHYSICAL EXAM

Vitals
- Temperature: Slightly elevated at 99.7.

Integumentary
- Examination of the right foot: There is a necrotic wound on the heel. It is approximately 2 by 2 centimeters. There is sloughing of the tissue as well as what looks like cellulitis around the area as well as erythema. I do not appreciate any bony exposure. There is a foul odor.

Vascular
- Examination of the right foot: Bilateral palpable pulses femorally. Popliteal pulses are present. I do not appreciate a palpable pulse dorsalis pedis or posterior tibial. However, I do use the Doppler and they are present via Doppler.

RESULTS

X-ray of the right foot today shows no evidence of osteomyelitis.

ASSESSMENT

Right foot ulcer.

The patient is a pleasant 64-year-old male who presents to the clinic today for the evaluation of a right foot ulcer.

PLAN

After reviewing the patient's examination and radiographic findings today, I have had a lengthy discussion with the patient in regards to his current symptoms. I have explained to him that his x-rays were negative for osteomyelitis. I have recommended that we obtain a culture of the wound. I have also recommended that we perform a debridement of the wound in the office today. I have also recommended that we obtain a vascular study of the wound. I have recommended that we continue his antibiotic therapy that his primary care physician put him on. I do want to get the culture back and then we will make the determination as far as additional or changing that antibiotic therapy.

The patient has a history of diabetes and diabetic neuropathy. He used to be on an insulin pump and had an A1c of 13. He is now on insulin and has an A1c of 6.7. He rarely has a blood sugar that goes over 200. He checks his blood sugars two or three times a day. He has noticed that his sugars have probably been trending in the 3 to 4 hundreds the last two weeks. He had one spike at one point at 5 or 600 that got his wife's attention. He thinks that is also what made his wife call the primary care doc.

The patient is a hiker and enjoys going on hikes with his wife. They have been hiking to Charlie's Bunion about a week before this. He has a new pair of diabetic shoes and inserts. He gets those every year. He changes the inserts every three or four months. He has been in cruise control as far as that goes for some time. He did get a new pair of shoes. The prosthetist told him to check his feet every day for the first week or two. He did go hiking about the third or fourth day and I think that might be what caused it as he just went too far when he was hiking but yeah the trails are the trails are gorgeous they are open it is time to be outside and I am sorta stuck with this right now.

INSTRUCTIONS

The patient will follow up with me in 7 days.","CHIEF COMPLAINT

Non-healing ulcer on his right foot.

HISTORY OF PRESENT ILLNESS

Nicholas Gutierrez is a pleasant 45-year-old male who presents to the clinic today for the evaluation of a non-healing ulcer on his right foot. The patient was referred from his primary care physician. The onset of his pain began 6 weeks ago, after wearing a pair of shoes that were too tight.

Today, he describes a burning, stinging, and throbbing sensation. The patient reports a blister on the pad of the plantar aspect of his foot around his heel. He explains that he has been ambulating on the anterior aspect of his foot. He explains that the top part of the skin of the blister detached, which revealed a thick, soft, mushy skin associated with unpleasant smell and yellow drainage. The patient called his primary care physician, who referred him to our office. He was prescribed a 10-day course of antibiotics approximately 6 days ago. He experienced chills and a fever of 99.7 degrees Fahrenheit. The patient denies any nausea or vomiting. He states that when he started the antibiotics, his foot began to feel pretty good. However, he has now noticed that his foot has turned black around the outside of the wound, and he is experiencing cramping in his calf muscle as well. He also reports a burning red streak that was coming up the front part of his ankle along the inside portion of his calf muscle. While palpating his calf, he has noted stiffness in the muscle that is now up to the patella. The patient reports that he has been coughing a lot over the last 2 days. He has experienced shortness of breath with ambulation around the house. He reports that he purchases new diabetic shoes yearly and changes the inserts every 3 to 4 months.

The patient is diabetic and has diabetic neuropathy. He explains that his blood sugar has been trending in the 300 to 400's over the last 2 weeks. At one point, he had a blood sugar spike to either 500 or 600. He states that his last hemoglobin A1c was 6.7, which has been his average for approximately 2 years. The patient checks his blood sugar 2 to 3 times per day and rarely has a blood sugar that goes over 200. He explains that he used to be on an insulin pump and had an A1c that at one point was 13. He states that he worked with an endocrinologist to get it down to where it is now.

MEDICAL HISTORY

The patient reports a history of diabetic neuropathy.

SOCIAL HISTORY

The patient enjoys hiking.

REVIEW OF SYSTEMS

Constitutional: Reports subjective fever and chills
Respiratory: Reports cough and shortness of breath with ambulation.
Gastrointestinal: Denies nausea and vomiting.
Musculoskeletal: Reports right foot pain and right calf cramping.
Skin: Reports right foot ulcer with yellow foul smelling drainage, and red streaking coming up the front part of his ankle along the inside portion of his calf muscle.

VITALS

Temperature is slightly elevated.
Vitals are otherwise good.

PHYSICAL EXAM

CV: Edema and pain in calf. Bilateral palpable femoral and papiteal pulses are present. I do not recognize a palpable dorsalis pedis or posterior tibial pulse; however, they are present via Doppler.
MSK: Examination of the right foot: The necrotic wound on his heel is present. It is approximately 2 cm x 2 cm. I do recognize the sloughing of the tissue, as well as what looks like cellulitis around the area, and erythema. An odor is present from the wound. I do not appreciate any bony exposure now. No pain to palpation in the effected area.

RESULTS

3 views of the right foot were taken today. These reveal no evidence of osteomyelitis or infection.

ASSESSMENT

Right non-healing diabetic foot ulcer.
Diabetes.

PLAN

After reviewing the patient's examination and radiographic findings today, I have had a lengthy discussion with the patient in regard to his current symptoms. I have explained to him that I do not see any evidence of osteomyelitis. I am concerned about the redness that is moving up his leg, as well as the swelling, and pain that he has in his calf. I have recommended that we obtain a venous ultrasound to check his blood supply for the wound. I have also recommended that we perform a debridement of the wound today. We may have to obtain a culture and look at different antibiotic therapy. I am recommending that he continue with antibiotics that his primary care physician prescribed.

In regard to his diabetes, I have advised him to follow up with his endocrinologist to ensure that we do continue to keep his hemoglobin A1c below 7. We will need to closely monitor his blood sugar since we are going to be doing some medication therapy with antibiotics and potentially some other medications depending on the culture results.

INSTRUCTIONS

The patient will follow up with me in 7 days to check on his progress."
"CHIEF COMPLAINT

Tick bite.

HISTORY OF PRESENT ILLNESS

Richard is a pleasant 64-year-old male who presents to the clinic today for the evaluation of a tick bite. The patient states that he is unsure where he got the tick bite, but he does spend a lot of time outdoors in the yard. He states that he has had a tick bite around his knee for over a week and it has been burning and quite annoying. He denies any fever or chills at this time. He denies any other joint pain. He states that he is a hunter and has been out hunting for a couple of weeks. He denies bringing any animals home. He denies any other symptoms such as cough or shortness of breath or dizziness.

The patient has been checking his blood pressure at home periodically. He states that his blood pressure seems to be doing okay and he is taking his lisinopril. He denies any side effects from the lisinopril. He states that he is watching his sugar intake. He is taking metformin twice a day. He is checking his blood sugars pretty regularly. He states that his blood sugars are running below 150.

REVIEW OF SYSTEMS

• Constitutional: Denies fever and chills.
• Musculoskeletal: Denies joint pain.
• Respiratory: Denies cough or shortness of breath.
• Neurological: Denies dizziness.

PHYSICAL EXAM

• Constitutional: Temperature 98.4 F.
• Cardiovascular: Heart rate is 67. Blood pressure is 122/70.
• Respiratory: Lungs are clear to auscultation bilaterally.
• Musculoskeletal: Examination of the right knee: Erythema, edema, and fluctuance over the right patella. Pain to palpation of the right anterior knee. Full range of motion of the right knee. Evidence of a bull's-eye rash over the right knee.
• Integumentary: Examination of the right knee: Evidence of a bull's-eye rash over the right knee.

ASSESSMENT AND PLAN

1. Tick bite.
• Medical Reasoning: The patient has a bull's-eye rash over the right knee.
• Patient Education and Counseling: I explained to the patient that we will start him on doxycycline 100 mg twice a day for 3 weeks. I also explained to the patient that we will order a Lyme titer as well as a Western blot to see if he does in fact have Lyme disease.
• Medical Treatment: Doxycycline 100 mg twice a day for 3 weeks.

2. Hypertension.
• Medical Reasoning: The patient is doing well on lisinopril.
• Patient Education and Counseling: I explained to the patient that we will continue him on lisinopril 20 mg once a day. I also explained to the patient that we will order a lipid panel just to make sure that everything is okay with his cholesterol.
• Medical Treatment: Lisinopril 20 mg once a day.

3. Diabetes.
• Medical Reasoning: The patient is doing well on metformin.
• Patient Education and Counseling: I explained to the patient that we will continue him on metformin 1000 mg twice a day. I also explained to the patient that we will order a hemoglobin A1c and continue him on metformin 1000 mg twice a day.
• Medical Treatment: Metformin 1000 mg twice a day.

4. Kidney function.
• Medical Reasoning: His kidney function was normal about 2 months ago.
• Patient Education and Counseling: I explained to the patient that we will order a basic metabolic panel just to make sure that his kidney function is stable.
• Medical Treatment: Basic metabolic panel.

Patient Agreements: The patient understands and agrees with the recommended medical treatment plan.","CHIEF COMPLAINT

Tick bite.

MEDICAL HISTORY

Patient reports a history of arthritis, hypertension, and diabetes type 2.

SOCIAL HISTORY

Patient reports he enjoys spending time outside in the woods and working in the yard. He went hunting with his grandchildren a couple of weeks ago.

MEDICATIONS

Patient reports taking lisinopril 20 mg once a day and metformin 1000 mg twice daily most of the time.

REVIEW OF SYSTEMS

Constitutional: Reports general ill feelings. Denies any fever, chills, flu like symptoms, body aches, or trouble waking.
Respiratory: Denies cough or shortness of breath.
Musculoskeletal: Denies joint pain or problems with ambulation.
Skin: Reports warmth on the right knee.
Neurological: Reports headache. Denies dizziness.

VITALS

Blood Pressure: 122/70 mmHg.
Heart Rate: 67 beats per minute.
Body Temperature: 98.4 degrees F.

PHYSICAL EXAM

Neck
- General Examination: Neck is supple without thyromegaly or lymphadenopathy.

Respiratory
- Auscultation of Lungs: Clear bilaterally.

Cardiovascular
- Auscultation of Heart: Regular rate and rhythm. No murmurs, gallops or rubs.

Musculoskeletal
- Examination of the right knee: Erythema and edema as well as an area of fluctuance noted over the right patella. There is pain to palpation of the right anterior knee. Full range of motion.

Integumentary
- Examination: There is evidence of a bull's eye rash over the right knee.

RESULTS

Patient's previous kidney function is within normal limits.

ASSESSMENT AND PLAN

1. Tick bite.
- Medical Reasoning: My concern is that he might have Lyme disease based on the presentation of his right knee.
- Patient Education and Counseling: The patient and I discussed blood testing to determine if he does in fact have Lyme disease. I explained that Lyme disease can cause problems with other organs if not treated appropriately. We discussed that sometimes antibiotics need to be administered intravenously if oral antibiotics are not given early enough. We will see how he does with a course of oral antibiotics as I would like to avoid intravenous antibiotics.
- Medical Treatment: Prescription for doxycycline 100 mg twice a day for 3 weeks provided. Lyme titer and Western blot will be obtained to determine if he has Lyme disease.

2. Hypertension.
- Medical Reasoning: This is well-controlled at this time.
- Patient Education and Counseling: The patient and I discussed that he is doing really well monitoring his blood pressure at home.
- Medical Treatment: Continue lisinopril 20 mg once a day. Lipid panel ordered to assess his cholesterol levels.

3. Diabetes type 2.
- Medical Reasoning: He is doing a good job managing his diabetes since his blood sugars are running in the 120s. I do not think we need to make any adjustments, but we will see what the hemoglobin A1c shows as that gives us an idea of what his blood sugars are doing on a long-term basis.
- Patient Education and Counseling: We discussed that metformin can affect kidney function; however, his kidney function was last checked 2 months ago, and it has remained within normal limits.
- Medical Treatment: Continue metformin 1000 mg twice a day. Hemoglobin A1c ordered. Basic metabolic panel ordered to assess kidney function. 

Patient Agreements: The patient understands and agrees with the recommended medical treatment plan."
